states,SASA_A_GLU_1,SASA_A_GLU_8,SASA_A_GLU_15,SASA_A_GLU_22,SASA_B_GLU_1,SASA_B_GLU_8,SASA_B_GLU_15,SASA_B_GLU_22,SASA_A_PHE_9,SASA_A_PHE_16,SASA_A_PHE_21,SASA_A_PHE_23,SASA_B_PHE_9,SASA_B_PHE_16,SASA_B_PHE_21,SASA_B_PHE_23,SASA_A_LYS_3,SASA_A_LYS_10,SASA_A_LYS_14,SASA_A_LYS_17,SASA_A_LYS_24,SASA_A_LYS_29,SASA_B_LYS_3,SASA_B_LYS_10,SASA_B_LYS_14,SASA_B_LYS_17,SASA_B_LYS_24,SASA_B_LYS_29,SASA_A_N-terminus,SASA_A_C-terminus,SASA_B_N-terminus,SASA_B_C-terminus
0,1.775,1.085,1.157,1.135,1.8,1.238,0.786,1.291,0.485,0.534,1.402,0.565,0.538,0.425,1.17,0.549,1.126,0.884,1.672,1.123,1.141,2.501,1.088,0.916,1.308,0.956,1.02,2.462,0.345,0.767,0.265,0.596
0,2.039,1.182,1.066,1.15,1.756,1.179,0.772,1.368,0.458,0.485,1.428,0.64,0.511,0.425,1.284,0.667,1.221,0.903,1.505,0.883,1.176,2.767,1.13,0.821,1.346,1.141,0.903,2.678,0.485,0.901,0.273,0.649
0,1.779,1.189,1.104,1.275,1.662,1.106,0.73,1.325,0.538,0.625,1.515,0.678,0.693,0.5,1.28,0.64,1.232,0.724,1.489,1.088,1.126,2.681,1.255,0.821,1.255,1.084,1.353,2.729,0.398,0.868,0.319,0.716
0,1.895,1.126,1.168,1.173,1.766,1.076,0.615,1.258,0.565,0.636,1.477,0.64,0.511,0.5,1.355,0.715,0.956,0.997,1.577,1.069,1.194,2.561,0.989,0.89,1.441,1.141,0.937,2.603,0.485,0.763,0.265,0.529
0,1.913,1.006,1.175,1.198,1.65,1.205,0.817,1.238,0.485,0.534,1.413,0.731,0.485,0.527,1.36,0.576,1.202,1.149,1.528,1.185,1.088,2.53,1.186,0.828,1.32,1.058,1.183,2.653,0.372,0.797,0.319,0.76
0,2.077,1.212,0.92,1.057,1.884,1.136,0.737,1.167,0.425,0.485,1.511,0.511,0.651,0.398,1.371,0.613,1.115,0.876,1.572,0.996,1.123,2.625,1.073,0.731,1.361,1.065,1.187,2.71,0.485,0.827,0.353,0.772
1,1.735,1.114,1.117,1.001,1.781,1.05,0.646,1.251,0.485,0.598,1.541,0.769,0.678,0.398,1.163,0.613,1.267,0.876,1.599,1.099,1.141,2.58,1.255,0.855,1.308,1.02,1.172,2.784,0.319,0.801,0.273,0.827
0,2.077,1.212,0.92,1.057,1.884,1.136,0.737,1.167,0.425,0.485,1.511,0.511,0.651,0.398,1.371,0.613,1.115,0.876,1.572,0.996,1.123,2.625,1.073,0.731,1.361,1.065,1.187,2.71,0.485,0.827,0.353,0.772
0,1.79,1.145,1.157,1.15,1.802,1.053,0.839,1.198,0.436,0.523,1.617,0.629,0.576,0.398,1.355,0.715,1.168,0.876,1.512,1.087,1.206,2.356,0.989,0.875,1.312,1.028,1.311,2.634,0.451,0.763,0.186,0.723
0,1.986,1.1,1.107,1.177,1.789,1.15,0.757,1.258,0.511,0.421,1.504,0.72,0.511,0.478,1.291,0.704,1.259,0.903,1.509,0.871,1.168,2.628,1.168,0.972,1.361,0.796,1.236,2.599,0.398,0.823,0.292,0.6
1,1.782,1.004,1.157,1.174,1.914,1.143,0.586,1.227,0.511,0.56,1.446,0.549,0.523,0.436,1.242,0.613,1.278,0.91,1.551,1.038,1.069,2.446,1.236,0.837,1.255,0.94,0.831,2.774,0.406,0.808,0.398,0.734
1,1.847,1.085,1.226,1.255,1.677,1.226,0.766,1.273,0.538,0.576,1.527,0.549,0.523,0.425,1.163,0.64,1.141,0.849,1.627,1.035,1.282,2.5,1.255,0.863,1.176,0.99,1.047,2.561,0.406,0.79,0.292,0.562
0,1.972,0.973,1.258,1.148,1.861,1.17,0.77,1.311,0.534,0.474,1.579,0.613,0.534,0.531,1.415,0.553,1.096,0.956,1.501,1.034,1.176,2.579,1.183,1.018,1.304,1.047,0.993,2.688,0.512,0.797,0.3,0.667
0,1.817,1.082,1.113,1.177,1.891,1.136,0.884,1.26,0.485,0.587,1.579,0.549,0.538,0.478,1.42,0.587,1.137,0.856,1.55,1.069,1.202,2.593,1.13,0.875,1.308,1.095,1.239,2.566,0.425,0.857,0.3,0.716
0,1.975,1.171,1.097,1.131,1.95,1.135,0.79,1.309,0.474,0.587,1.413,0.693,0.56,0.398,1.273,0.636,0.982,1.035,1.615,1.076,1.084,2.603,1.277,0.689,1.396,1.1,1.176,2.847,0.512,0.79,0.326,0.716
1,2.012,1.024,1.097,1.173,1.907,1.083,0.713,1.314,0.485,0.458,1.409,0.602,0.511,0.425,1.276,0.511,1.282,0.838,1.569,1.027,1.426,2.526,1.274,0.935,1.357,1.031,1.208,2.779,0.425,0.887,0.353,0.689
1,1.713,1.011,1.251,1.115,1.922,1.167,0.797,1.404,0.542,0.421,1.53,0.549,0.598,0.398,1.34,0.576,1.096,1.05,1.607,1.076,1.21,2.526,1.194,0.916,1.312,1.031,1.213,2.441,0.239,0.801,0.326,0.689
1,1.77,0.995,1.066,1.143,1.944,1.079,0.759,1.227,0.485,0.485,1.42,0.651,0.496,0.489,1.294,0.64,1.282,0.917,1.531,1.129,1.035,2.684,0.936,0.844,1.339,0.929,1.134,2.905,0.265,0.841,0.239,0.85
0,1.729,0.987,1.258,1.141,1.74,1.113,0.738,1.378,0.458,0.511,1.481,0.629,0.689,0.516,1.389,0.678,1.107,1.103,1.672,1.05,1.073,2.395,1.141,0.981,1.285,1.073,1.047,2.633,0.292,0.723,0.273,0.593
1,1.77,1.145,1.111,1.304,1.949,1.119,0.738,1.371,0.5,0.511,1.424,0.576,0.689,0.436,1.446,0.704,1.035,1.107,1.528,1.095,1.176,2.428,1.122,0.795,1.229,0.861,1.009,2.758,0.319,0.801,0.353,0.756
1,1.879,1.164,1.277,1.244,1.81,1.132,0.864,1.311,0.458,0.447,1.413,0.591,0.432,0.383,1.435,0.538,1.141,0.921,1.607,0.89,1.361,2.448,1.202,1.113,1.293,1.047,1.103,2.732,0.319,0.723,0.345,0.73
0,1.921,1.138,1.107,1.177,1.819,1.021,0.666,1.291,0.565,0.549,1.473,0.602,0.587,0.516,1.491,0.587,1.24,0.993,1.474,1.178,1.141,2.715,1.062,0.972,1.255,0.978,1.16,2.862,0.292,0.834,0.239,0.894
0,1.906,0.951,1.1,1.043,1.842,1.079,0.799,1.3,0.516,0.587,1.488,0.576,0.587,0.379,1.314,0.757,1.213,0.929,1.714,1.148,1.115,2.507,0.993,0.795,1.369,1.081,1.171,3.02,0.345,0.834,0.239,0.832
0,1.81,1.104,1.171,1.075,1.837,1.221,0.733,1.344,0.409,0.496,1.466,0.485,0.651,0.383,1.382,0.625,0.993,0.963,1.422,0.977,1.096,2.428,1.088,0.908,1.388,1.069,0.823,2.465,0.372,0.827,0.273,0.455
0,1.804,1.171,1.179,1.199,1.829,1.065,0.726,1.389,0.557,0.534,1.435,0.56,0.678,0.394,1.438,0.576,1.141,1.103,1.467,1.016,1.134,2.799,1.273,0.897,1.354,0.99,1.035,2.711,0.265,0.861,0.212,0.667
1,1.979,0.955,1.146,1.097,1.769,1.203,0.757,1.258,0.538,0.587,1.307,0.72,0.613,0.398,1.385,0.613,1.141,0.671,1.414,0.997,1.176,2.628,1.229,0.844,1.369,1.103,0.903,2.767,0.372,0.801,0.319,0.7
0,1.643,1.006,1.213,1.326,1.837,1.106,0.719,1.291,0.5,0.549,1.348,0.678,0.458,0.372,1.249,0.64,1.179,0.83,1.475,1.227,1.088,2.626,1.088,0.808,1.44,1.164,1.32,2.592,0.353,0.924,0.292,0.723
1,1.926,1.147,1.131,0.952,1.717,1.086,0.744,1.242,0.425,0.511,1.209,0.572,0.549,0.319,1.386,0.72,1.126,1.043,1.505,1.016,1.123,2.593,1.327,0.976,1.373,0.884,1.312,2.68,0.406,0.83,0.319,0.689
0,2.031,0.902,1.252,1.11,1.782,1.188,0.704,1.26,0.447,0.549,1.477,0.769,0.511,0.527,1.431,0.678,1.088,1.035,1.505,1.069,1.035,2.654,1.096,0.943,1.343,1.107,1.096,2.74,0.432,0.868,0.326,0.727
1,1.691,1.166,1.288,1.076,1.926,1.279,0.797,1.28,0.5,0.511,1.409,0.667,0.613,0.447,1.253,0.667,1.115,0.777,1.584,1.027,1.107,2.636,1.228,0.953,1.267,1.153,1.058,2.823,0.292,0.797,0.379,0.723
1,1.85,1.131,1.111,1.136,1.847,1.248,0.673,1.28,0.527,0.474,1.136,0.549,0.613,0.447,1.256,0.602,1.115,0.903,1.478,1,1.255,2.601,1.255,0.715,1.471,1.001,1.47,2.447,0.345,0.868,0.379,0.562
1,1.944,1.118,1.328,1.219,1.74,1.064,0.761,1.146,0.504,0.458,1.311,0.746,0.613,0.474,1.318,0.704,1.259,0.97,1.558,1.102,1.229,2.549,1.141,0.87,1.471,1.051,1.103,2.555,0.459,0.763,0.239,0.689
1,1.853,1.191,1.16,1.071,1.803,1.221,0.752,1.427,0.394,0.485,1.45,0.64,0.534,0.462,1.446,0.64,1.062,0.876,1.584,1.17,1.248,2.394,1.095,0.996,1.334,0.986,1.235,2.74,0.372,0.801,0.247,0.723
1,1.83,1.065,1.015,1.043,1.812,1.026,0.724,1.273,0.425,0.421,1.36,0.704,0.613,0.432,1.216,0.655,1.141,0.815,1.619,1.023,1.259,2.447,1.236,0.954,1.38,1.031,1.141,2.578,0.398,0.801,0.326,0.689
0,1.824,1.228,1.086,1.086,1.805,1.188,0.726,1.311,0.398,0.549,1.537,0.674,0.613,0.489,1.22,0.538,1.176,1.042,1.626,1,1.035,2.434,1.213,1.048,1.415,0.963,1.069,2.748,0.345,0.804,0.3,0.723
1,2.015,0.987,1.09,1.312,1.937,1.107,0.833,1.302,0.425,0.511,1.473,0.704,0.625,0.345,1.17,0.618,1.176,0.849,1.596,1.069,1.395,2.491,1.183,0.912,1.229,1.02,1.035,2.478,0.345,0.808,0.326,0.567
0,1.79,1.058,1.059,1.224,1.801,1.125,0.75,1.311,0.629,0.447,1.579,0.704,0.625,0.372,1.269,0.72,1.035,0.796,1.531,0.989,1.123,2.621,1.206,0.875,1.38,1.092,0.929,2.727,0.319,0.797,0.319,0.622
1,1.986,1.182,1.1,1.237,1.858,1.17,0.773,1.344,0.538,0.549,1.492,0.651,0.432,0.451,1.231,0.602,1.069,0.717,1.611,1.065,1.21,2.735,1.095,0.972,1.422,0.952,1.202,2.603,0.398,0.774,0.353,0.734
1,1.822,1.08,1.184,1.131,1.782,1.153,0.804,1.272,0.5,0.523,1.333,0.667,0.549,0.542,1.163,0.613,1.149,0.823,1.634,1.13,1.365,2.41,1.209,1.106,1.202,1.02,1.073,2.771,0.319,0.756,0.345,0.7
1,1.882,1.118,1.068,1.23,1.967,1.136,0.687,1.322,0.58,0.587,1.28,0.602,0.689,0.372,1.42,0.742,1.153,0.91,1.607,1.08,1.248,2.561,1.213,0.961,1.248,1.073,1.156,2.709,0.406,0.801,0.406,0.79
0,1.926,1.131,1.093,1.146,1.769,1.161,0.821,1.193,0.447,0.56,1.504,0.742,0.625,0.367,1.325,0.613,1.088,0.989,1.558,1.193,1.176,2.646,1.195,0.954,1.373,0.94,1.096,2.819,0.406,0.921,0.212,0.756
0,1.828,1.187,1.209,1.128,1.861,1.088,0.786,1.355,0.462,0.549,1.424,0.613,0.432,0.565,1.575,0.576,1.195,0.857,1.535,0.943,1.153,2.737,1.176,0.753,1.255,1.126,1.035,2.566,0.451,0.89,0.265,0.7
0,1.91,1.118,1.193,1.179,1.838,1.113,0.772,1.265,0.458,0.598,1.36,0.72,0.549,0.5,1.265,0.56,1.115,0.997,1.494,0.977,1.141,2.53,1.342,0.89,1.486,1.031,1.129,2.742,0.398,0.797,0.353,0.899
0,1.881,1.1,1.124,1.206,1.849,1.244,0.752,1.212,0.462,0.496,1.371,0.523,0.534,0.47,1.355,0.704,1.047,0.963,1.542,1.018,1.123,2.401,1.115,0.908,1.293,1.043,1.134,2.596,0.425,0.808,0.292,0.495
0,1.961,1.073,1.146,1.279,1.707,1.212,0.632,1.167,0.421,0.534,1.45,0.576,0.56,0.527,1.564,0.64,1.179,1.123,1.728,1.053,1.255,2.54,1.095,0.927,1.251,0.929,1.269,2.679,0.459,0.894,0.326,0.734
0,1.769,1.145,1.119,1.219,1.939,1.255,0.745,1.246,0.511,0.474,1.504,0.598,0.432,0.405,1.442,0.591,1.096,1.001,1.494,1.095,1.123,2.478,1.255,1.079,1.285,1.065,1.16,2.714,0.292,0.767,0.239,0.689
1,1.964,1.138,1.164,1.226,1.682,1.179,0.726,1.325,0.565,0.367,1.473,0.64,0.485,0.33,1.344,0.587,1.202,0.94,1.513,1.167,1.149,2.457,1.149,0.916,1.24,1.062,1.062,2.853,0.512,0.83,0.265,0.827
1,1.77,1.082,0.988,1.293,1.974,1.094,0.757,1.272,0.576,0.421,1.36,0.704,0.576,0.474,1.435,0.618,1.149,0.937,1.55,1.049,1.213,2.617,0.97,0.821,1.354,1.137,1.096,2.485,0.372,0.797,0.372,0.6
0,1.835,1.051,1.262,1.057,1.748,1.215,0.79,1.147,0.436,0.549,1.375,0.655,0.576,0.474,1.431,0.629,1.376,0.856,1.501,1.016,1.062,2.478,1.289,0.996,1.248,1.081,1.043,2.801,0.379,0.741,0.345,0.727
0,1.808,1.013,1.09,1.322,2.011,1.065,0.77,1.375,0.478,0.485,1.402,0.613,0.625,0.516,1.276,0.655,1.073,0.997,1.683,0.951,1.24,2.583,0.903,0.935,1.399,0.91,1.259,2.902,0.372,0.797,0.265,0.783
0,1.857,1.036,1.071,1.128,1.918,1.121,0.913,1.322,0.538,0.5,1.291,0.693,0.549,0.516,1.431,0.587,0.99,0.981,1.581,0.996,1.221,2.529,1.122,0.701,1.289,0.99,1.229,2.528,0.398,0.83,0.353,0.723
0,1.906,1.122,1.115,1.241,2.094,1.209,0.744,1.368,0.565,0.485,1.258,0.693,0.458,0.372,1.36,0.602,1.141,1.016,1.505,1.011,0.993,2.726,1.103,0.669,1.316,1.073,1.153,2.427,0.345,0.857,0.326,0.596
0,1.835,1.004,1.079,0.983,1.77,1.136,0.766,1.429,0.474,0.549,1.284,0.538,0.667,0.425,1.382,0.598,1.282,0.91,1.52,1.016,1.153,2.476,1.292,0.715,1.327,1.107,1.206,2.751,0.292,0.91,0.247,0.749
0,1.821,1.111,1.146,1.221,1.837,1.192,0.701,1.238,0.436,0.549,1.424,0.655,0.613,0.383,1.329,0.587,1.339,0.963,1.478,1.042,1.096,2.621,0.936,0.954,1.308,1.009,1.148,2.579,0.451,0.887,0.292,0.596
1,1.909,1.073,1.151,1.262,1.826,1.046,0.744,1.107,0.436,0.507,1.457,0.757,0.636,0.516,1.374,0.64,1.062,0.83,1.614,1.095,1.176,2.45,1.122,0.912,1.327,0.929,1.281,2.755,0.372,0.797,0.265,0.783
1,1.794,0.96,1.026,1.217,1.865,1.181,0.745,1.344,0.474,0.56,1.579,0.511,0.587,0.462,1.442,0.613,1.187,0.803,1.71,1.023,1.217,2.487,1.069,0.992,1.316,1.073,0.914,2.633,0.345,0.83,0.379,0.502
0,1.886,1.047,1.157,1.215,1.891,1.177,0.843,1.378,0.565,0.534,1.579,0.511,0.523,0.421,1.295,0.549,1.126,0.823,1.391,0.944,1.153,2.533,1.035,0.935,1.41,1.028,1.113,2.635,0.372,0.834,0.345,0.716
1,1.868,1.1,1.164,1.181,1.944,1.295,0.757,1.332,0.474,0.485,1.295,0.625,0.587,0.451,1.284,0.662,1.221,1.043,1.565,1.049,1.248,2.545,1.175,0.897,1.335,1.126,1.213,2.806,0.398,0.797,0.379,0.857
0,1.899,1.126,1.138,1.179,1.892,1.208,0.799,1.353,0.474,0.56,1.466,0.591,0.549,0.474,1.597,0.538,1.229,0.917,1.569,0.97,1.035,2.496,1.122,0.988,1.433,0.982,1.009,2.629,0.372,0.797,0.345,0.589
1,1.958,1.051,1.164,1.047,1.622,1.136,0.764,1.284,0.474,0.651,1.402,0.56,0.56,0.33,1.329,0.432,1.274,0.929,1.361,1.076,1.088,2.404,1.262,0.863,1.263,1.028,1.13,2.661,0.345,0.83,0.212,0.663
0,1.741,1.142,1.053,1.143,1.837,1.03,0.846,1.322,0.576,0.485,1.424,0.538,0.613,0.398,1.495,0.613,1.195,0.937,1.528,1.175,1.301,2.741,1.122,0.757,1.339,0.94,1.289,2.5,0.372,0.875,0.265,0.562
0,1.911,1.006,1.008,1.248,1.809,1.191,0.692,1.318,0.447,0.523,1.45,0.72,0.549,0.425,1.249,0.704,1.126,1.103,1.475,1.122,1.267,2.633,1.156,0.803,1.357,1.028,1.016,2.596,0.459,0.763,0.326,0.73
0,1.733,1.04,1.131,1.266,1.856,1.184,0.86,1.265,0.436,0.565,1.462,0.598,0.576,0.451,1.056,0.56,1.088,0.937,1.679,1.095,1.229,2.561,1.202,0.977,1.373,1.096,1.042,2.619,0.292,0.827,0.326,0.76
1,1.902,0.998,1.15,1.139,1.954,1.099,0.648,1.318,0.478,0.485,1.439,0.731,0.549,0.372,1.355,0.598,1.062,0.963,1.44,0.883,1.221,2.591,1.148,0.905,1.342,0.993,1.175,2.645,0.379,0.763,0.3,0.794
0,1.875,1.1,1.157,1.195,1.955,1.072,0.857,1.193,0.5,0.511,1.488,0.667,0.613,0.462,1.22,0.64,1.149,0.704,1.565,1.016,1.479,2.511,1.255,0.875,1.248,0.914,1.122,2.888,0.212,0.801,0.372,0.825
0,1.938,0.987,1.073,1.297,1.797,1.121,0.723,1.315,0.425,0.625,1.504,0.625,0.549,0.398,1.424,0.64,1.168,0.91,1.52,0.837,1.115,2.478,1.148,0.875,1.327,1.016,1.198,2.554,0.425,0.767,0.398,0.723
1,1.991,1.167,1.186,1.15,1.847,1.185,0.879,1.167,0.405,0.587,1.45,0.576,0.485,0.504,1.464,0.651,1.232,1.114,1.558,0.963,1.047,2.623,1.202,0.669,1.308,1.062,1.168,2.645,0.406,0.913,0.326,0.794
1,1.755,1.058,1.146,1.161,1.789,1.092,0.766,1.3,0.474,0.458,1.654,0.731,0.625,0.398,1.484,0.587,1.176,1.047,1.547,1.023,1.232,2.616,1.262,0.795,1.46,0.982,1.133,2.525,0.319,0.883,0.273,0.629
0,1.789,1.071,1.097,1.17,1.962,1.146,0.708,1.378,0.58,0.458,1.348,0.667,0.485,0.372,1.578,0.618,1.213,0.99,1.528,1.103,1.248,2.397,1.099,0.788,1.475,0.989,1.22,2.746,0.319,0.797,0.265,0.861
0,1.933,1.04,1.253,1.184,1.804,1.196,0.673,1.133,0.485,0.534,1.246,0.458,0.625,0.527,1.42,0.602,1.115,0.903,1.596,0.974,1.179,2.722,1.009,0.875,1.255,0.91,1.345,2.82,0.459,0.864,0.307,0.723
0,1.911,0.942,1.153,1.09,1.907,1.226,0.794,1.415,0.485,0.534,1.364,0.742,0.511,0.569,1.442,0.651,1.141,0.796,1.516,0.997,1.373,2.64,1.126,0.919,1.32,1.137,1.202,2.653,0.485,0.834,0.3,0.749
0,1.908,1.027,1.184,1.079,1.755,0.974,0.704,1.265,0.527,0.549,1.402,0.731,0.56,0.436,1.185,0.629,1.176,0.823,1.422,1.042,1.115,2.614,1.148,0.881,1.388,1.016,1.02,2.644,0.459,0.763,0.292,0.763
1,1.944,1.044,1.059,1.155,1.854,1.155,0.817,1.302,0.436,0.474,1.477,0.64,0.678,0.5,1.34,0.602,1.24,0.823,1.584,0.936,1.1,2.475,1.292,0.946,1.308,1.047,1.149,2.944,0.372,0.897,0.326,0.832
0,1.748,1.024,1.195,1.203,1.819,1.15,0.772,1.265,0.565,0.598,1.424,0.78,0.613,0.356,1.597,0.693,0.982,0.989,1.596,1.141,1.088,2.596,1.176,0.988,1.399,1.111,0.887,2.689,0.265,0.924,0.212,0.627
1,1.839,1.131,1.246,1.09,1.962,1.17,0.726,1.351,0.549,0.409,1.488,0.682,0.523,0.527,1.435,0.833,1.088,1.023,1.357,1.14,1.115,2.56,1.043,0.948,1.308,1.058,1.123,2.821,0.319,0.834,0.239,0.899
0,1.872,1.006,1.107,1.224,1.805,1.048,0.839,1.427,0.538,0.409,1.564,0.667,0.613,0.504,1.269,0.602,1.073,0.584,1.448,0.951,1.331,2.413,1.016,0.891,1.213,1.217,1.228,2.374,0.372,0.741,0.3,0.622
1,1.812,1.085,1.235,1.103,1.797,1.188,0.652,1.434,0.5,0.534,1.348,0.602,0.662,0.436,1.344,0.651,1.293,0.777,1.414,0.91,1.141,2.427,1.206,0.875,1.452,0.963,1.239,2.495,0.345,0.834,0.239,0.629
1,1.824,1.066,1.093,1.012,1.877,1.166,0.668,1.186,0.489,0.394,1.344,0.613,0.651,0.356,1.446,0.576,1.202,0.861,1.607,0.936,1.415,2.572,1.156,0.912,1.528,1.111,1.073,2.555,0.372,0.767,0.406,0.716
0,1.91,0.955,1.195,1.195,1.936,1.086,0.804,1.205,0.511,0.447,1.481,0.704,0.511,0.436,1.355,0.678,1.115,1.035,1.584,1.042,1.282,2.394,1.148,1.154,1.293,1.088,1.123,2.601,0.292,0.801,0.406,0.694
1,1.793,1.133,1.193,1.157,1.981,1.185,0.75,1.337,0.485,0.421,1.488,0.704,0.678,0.451,1.333,0.625,1.153,0.83,1.607,1.102,1.282,2.526,1.202,0.883,1.52,0.948,1.141,2.619,0.292,0.801,0.379,0.7
1,1.933,1.18,1.097,1.263,1.816,1.177,0.853,1.246,0.447,0.511,1.466,0.784,0.587,0.451,1.329,0.693,1.073,0.963,1.596,1.113,1.123,2.537,1.258,0.942,1.24,0.903,1.069,2.741,0.406,0.83,0.273,0.689
1,1.71,1.138,1.186,1.143,1.709,1.155,0.726,1.258,0.462,0.496,1.36,0.667,0.742,0.489,1.457,0.715,1.13,0.937,1.675,0.936,1.32,2.609,1.168,1.014,1.195,0.849,1.107,2.931,0.372,0.823,0.186,0.857
0,1.821,1.198,1.16,1.046,1.722,1.079,0.692,1.399,0.538,0.523,1.371,0.715,0.613,0.489,1.393,0.667,1.141,0.97,1.547,1.05,1.202,2.434,1.035,0.999,1.293,1.012,1.005,2.592,0.372,0.894,0.239,0.787
0,1.819,0.991,1.033,1.155,1.999,0.992,0.79,1.284,0.485,0.56,1.504,0.64,0.511,0.458,1.524,0.613,1.221,1.016,1.559,1.041,1.149,2.408,1.076,1.026,1.248,0.849,1.115,2.747,0.345,0.83,0.319,0.562
1,1.65,1.131,1.138,1.244,1.805,1.103,0.726,1.269,0.549,0.56,1.435,0.651,0.496,0.478,1.265,0.693,1.069,0.823,1.634,1.083,1.221,2.608,1.103,1.007,1.354,1.092,1.11,2.721,0.319,0.901,0.345,0.756
0,1.824,1.051,1.217,1.139,2.06,1.188,0.826,1.253,0.538,0.625,1.311,0.731,0.507,0.398,1.457,0.576,1.009,0.796,1.361,1.133,1.308,2.696,1.168,1.053,1.24,0.967,1.123,2.988,0.239,0.834,0.319,0.823
0,1.94,1.118,1.101,1.213,1.642,1.125,0.79,1.371,0.432,0.598,1.541,0.655,0.496,0.504,1.295,0.553,1.176,0.997,1.478,1.088,1.327,2.62,1.176,0.818,1.494,1.043,1.149,2.72,0.406,0.894,0.186,0.827
1,1.929,1.002,1.093,1.166,1.872,1.219,0.793,1.258,0.432,0.598,1.45,0.602,0.598,0.436,1.204,0.689,1.168,0.849,1.634,1.163,1.206,2.583,1.088,0.886,1.195,1.1,1.073,2.492,0.406,0.823,0.3,0.589
0,1.741,0.882,1.04,1.143,1.921,1.103,0.713,1.291,0.538,0.549,1.496,0.613,0.576,0.538,1.273,0.565,1.137,0.989,1.448,1.06,1.153,2.376,1.156,1.003,1.267,1.069,1.141,2.382,0.372,0.73,0.292,0.596
1,1.823,1.12,1.251,1.106,1.843,1.17,0.757,1.409,0.447,0.56,1.262,0.629,0.56,0.436,1.409,0.618,1.141,0.864,1.607,1.054,1.1,2.63,1.221,0.784,1.415,1.123,1.103,2.598,0.353,0.924,0.398,0.797
0,1.892,1.171,1.047,1.143,1.819,1.153,0.761,1.277,0.447,0.432,1.348,0.704,0.496,0.421,1.322,0.576,1.062,1.107,1.482,1.076,1.123,2.476,1.141,1.037,1.293,0.929,1.088,2.711,0.372,0.83,0.186,0.694
1,1.892,1.059,1.189,1.199,1.801,1.121,0.617,1.238,0.398,0.625,1.462,0.655,0.534,0.527,1.457,0.485,1.009,0.956,1.565,1,1.308,2.609,1.062,0.81,1.399,1.035,1.202,2.428,0.345,0.823,0.319,0.562
1,1.82,1.18,1.073,1.083,1.909,1.082,0.793,1.355,0.458,0.523,1.375,0.629,0.496,0.538,1.559,0.602,1.255,1.042,1.759,1.136,1.168,2.621,1.236,0.923,1.282,1.16,1.141,2.738,0.406,0.854,0.3,0.823
1,1.868,1.164,1.04,1.039,2.084,1.046,0.773,1.487,0.398,0.511,1.59,0.742,0.625,0.345,1.473,0.583,1.153,0.876,1.691,1.023,1.179,2.296,1.009,1.025,1.301,1.016,1.164,2.844,0.292,0.73,0.406,0.932
0,1.846,1.078,1.193,1.199,1.784,1.173,0.877,1.253,0.489,0.523,1.59,0.636,0.598,0.549,1.446,0.549,1.153,0.883,1.531,1.016,1.221,2.485,1.122,0.946,1.343,0.982,1.148,2.656,0.345,0.774,0.22,0.798
1,1.797,1.164,1.046,1.248,1.762,1.072,0.737,1.242,0.516,0.523,1.439,0.625,0.598,0.398,1.402,0.742,1.16,0.97,1.728,1.114,1.373,2.501,1.176,1.007,1.221,1.058,1.176,2.554,0.398,0.988,0.239,0.723
0,1.884,1.037,1.124,1.244,1.717,1.215,0.819,1.277,0.462,0.613,1.541,0.485,0.549,0.447,1.382,0.576,1.153,0.963,1.406,1.049,1.206,2.416,1.175,1.003,1.361,0.895,1.255,2.805,0.432,0.823,0.265,0.723
0,1.828,0.953,1.184,1.177,1.809,1.191,0.745,1.238,0.485,0.56,1.413,0.602,0.534,0.478,1.416,0.667,1.176,0.91,1.581,0.963,1.009,2.648,1.13,0.91,1.335,1.133,1.031,2.548,0.372,0.763,0.379,0.629
1,1.97,1.059,1.09,1.146,1.744,1.009,0.79,1.318,0.474,0.485,1.375,0.689,0.394,0.474,1.209,0.689,1.229,0.982,1.505,1.049,1.297,2.56,1.175,0.995,1.577,1.028,1.073,2.673,0.372,0.887,0.345,0.596
0,1.801,0.981,1.291,1.248,1.863,1.186,0.606,1.368,0.436,0.447,1.617,0.704,0.511,0.451,1.167,0.565,1.179,0.963,1.596,1.095,1.123,2.436,1.13,0.95,1.327,1.02,1.368,3.003,0.372,0.763,0.3,0.861
1,1.706,1.128,1.24,1.191,1.71,1.136,0.666,1.284,0.485,0.602,1.386,0.64,0.56,0.489,1.204,0.602,1.195,0.932,1.607,0.989,1.096,2.609,1.183,0.828,1.426,1.096,1.08,2.763,0.239,0.857,0.3,0.7
1,1.831,0.988,1.093,1.319,1.956,1.103,0.85,1.291,0.542,0.511,1.273,0.693,0.613,0.436,1.457,0.655,1.195,0.982,1.66,1.03,1.32,2.321,1.153,0.678,1.248,1.069,1.195,2.599,0.265,0.834,0.345,0.794
0,1.759,1.033,1.126,1.143,1.804,1.11,0.692,1.322,0.436,0.549,1.541,0.742,0.576,0.516,1.42,0.625,1.179,1.035,1.542,0.963,1.047,2.451,1.141,0.731,1.35,1.016,1.141,2.646,0.265,0.73,0.292,0.663
0,1.991,1.111,1.157,1.108,1.808,1.11,0.737,1.351,0.474,0.625,1.344,0.667,0.549,0.409,1.178,0.591,1.115,0.883,1.581,1.114,1.206,2.609,1.115,0.977,1.486,0.898,1.248,2.879,0.478,0.91,0.292,0.827
1,1.902,1.1,0.981,1.288,1.742,1.215,0.685,1.284,0.462,0.598,1.606,0.602,0.523,0.489,1.249,0.538,1.202,0.849,1.591,0.944,1.115,2.541,1.156,0.882,1.259,1.054,1.221,2.924,0.432,0.834,0.239,0.834
0,1.88,1.062,1.277,1.139,1.782,1.208,0.741,1.385,0.436,0.56,1.329,0.655,0.576,0.462,1.189,0.613,1.202,0.849,1.528,0.97,1.149,2.563,1.32,0.928,1.407,0.914,1.088,2.717,0.3,0.83,0.265,0.76
1,1.571,1.126,1.086,1.143,1.936,1.124,0.67,1.311,0.527,0.609,1.295,0.757,0.56,0.372,1.427,0.629,1.206,1.02,1.619,1.121,1.168,2.737,1.122,0.715,1.315,1.1,1.16,2.723,0.265,0.841,0.326,0.827
1,1.949,1.013,1.066,1.113,1.879,1.119,0.803,1.284,0.436,0.549,1.269,0.704,0.64,0.527,1.362,0.678,1.195,1.069,1.633,1.14,1.206,2.429,1.035,0.803,1.293,1.111,1.148,2.683,0.512,0.73,0.319,0.749
0,1.961,1.073,1.146,1.279,1.707,1.212,0.632,1.167,0.421,0.534,1.45,0.576,0.56,0.527,1.564,0.64,1.179,1.123,1.728,1.053,1.255,2.54,1.095,0.927,1.251,0.929,1.269,2.679,0.459,0.894,0.326,0.734
1,1.786,1.066,1.044,1.203,1.942,1.167,0.924,1.213,0.398,0.496,1.699,0.64,0.496,0.356,1.48,0.667,1.141,0.928,1.581,1.069,1.282,2.564,1.148,0.757,1.532,0.99,1.187,2.799,0.265,0.741,0.292,0.861
1,1.748,1.187,1.163,1.101,1.775,1.173,0.719,1.266,0.538,0.496,1.488,0.629,0.485,0.534,1.227,0.667,1.088,0.831,1.717,1.061,1.141,2.413,1.202,0.784,1.293,0.94,1.133,2.751,0.319,0.794,0.319,0.76
0,1.635,1.125,1.026,1.057,1.77,1.152,0.868,1.337,0.474,0.587,1.446,0.587,0.549,0.436,1.269,0.549,1.115,0.803,1.619,1.088,1.354,2.533,1.05,0.837,1.255,0.963,1.153,2.856,0.292,0.834,0.326,0.827
1,1.695,1.027,1.16,1.136,1.844,1.181,0.659,1.355,0.606,0.523,1.386,0.629,0.485,0.345,1.216,0.576,1.274,0.936,1.485,1.16,1.206,2.413,1.175,0.868,1.361,1.084,1.236,2.826,0.292,0.767,0.265,0.854
0,1.84,1.142,1.085,1.173,1.706,1.117,0.764,1.224,0.462,0.587,1.473,0.693,0.602,0.485,1.302,0.474,1.069,0.83,1.675,0.936,1.088,2.436,1.281,0.821,1.433,1.047,1.02,2.487,0.379,0.763,0.212,0.629
0,1.801,0.999,1.153,1.068,1.907,1.252,0.632,1.238,0.436,0.458,1.193,0.731,0.549,0.538,1.322,0.629,1.062,1.122,1.55,1.049,1.149,2.538,1.16,0.923,1.373,1.122,1.115,2.687,0.345,0.801,0.353,0.7
0,1.819,1.258,1.133,1.139,1.918,1.005,0.757,1.306,0.511,0.485,1.424,0.655,0.625,0.356,1.382,0.576,1.221,0.982,1.539,1.178,1.255,2.51,1.202,1.083,1.24,1.084,1.02,2.705,0.265,0.804,0.326,0.73
0,1.931,1.033,1.089,1.226,1.853,1.143,0.606,1.193,0.527,0.587,1.406,0.587,0.678,0.451,1.386,0.667,1.088,0.823,1.528,1.088,1.176,2.545,1.016,0.81,1.346,1.096,1.054,2.601,0.459,0.808,0.36,0.689
1,1.804,0.9,1.131,1.188,1.965,1.166,0.783,1.34,0.527,0.587,1.45,0.731,0.549,0.458,1.182,0.602,1.1,0.944,1.345,0.974,1.126,2.55,1.134,0.825,1.308,0.952,1.262,2.654,0.372,0.734,0.273,0.656
1,1.919,1.157,1.126,1.206,1.791,1.199,0.801,1.173,0.421,0.651,1.409,0.618,0.549,0.425,1.291,0.64,1.088,1.042,1.64,1.076,1.115,2.725,1.202,0.89,1.315,0.993,1.126,2.906,0.512,0.988,0.239,0.79
1,2.017,0.995,0.909,1.199,1.967,1.107,0.697,1.318,0.527,0.549,1.53,0.742,0.549,0.531,1.298,0.591,1.187,0.943,1.531,0.993,1.255,2.598,1.095,0.738,1.21,1.047,1.073,2.793,0.565,0.801,0.326,0.772
1,1.812,1.149,1.15,1.21,1.772,1.255,0.757,1.409,0.451,0.613,1.348,0.629,0.587,0.383,1.571,0.704,1.206,0.963,1.596,0.981,1.255,2.553,1.38,0.908,1.517,1.111,1.228,2.765,0.345,0.801,0.36,0.827
1,1.85,1.082,1.126,1.148,1.758,1.099,0.828,1.297,0.591,0.598,1.568,0.731,0.549,0.398,1.382,0.587,1.141,1.023,1.441,1.13,1.365,2.469,1.228,1.128,1.32,1.058,1.22,2.588,0.265,0.797,0.3,0.756
1,1.819,1.138,1.126,1.113,1.774,1.072,0.639,1.283,0.5,0.496,1.397,0.591,0.576,0.421,1.178,0.613,1.062,0.883,1.732,1.023,1.202,2.62,1.076,0.921,1.368,0.993,1.262,2.788,0.319,0.868,0.3,0.865
0,1.832,1.145,1.132,1.237,2.02,1.221,0.639,1.34,0.516,0.458,1.413,0.704,0.511,0.372,1.449,0.662,1.088,0.963,1.44,1.076,1.111,2.72,1.069,0.946,1.304,1.047,1.186,2.461,0.372,0.827,0.379,0.629
1,1.87,1.111,1.153,1.106,1.833,1.113,0.74,1.251,0.511,0.47,1.163,0.678,0.534,0.447,1.555,0.64,1.149,1.042,1.619,0.91,1.051,2.64,1.13,0.866,1.376,1.047,1.062,2.819,0.372,0.843,0.239,0.821
0,1.793,1.078,1.093,1.21,1.842,1.065,0.812,1.42,0.591,0.523,1.462,0.693,0.523,0.345,1.231,0.576,1.115,0.989,1.448,1.103,1.084,2.36,1.096,0.965,1.32,1.141,1.278,2.652,0.292,0.767,0.379,0.756
1,1.826,1.228,1.16,1.139,1.84,0.952,0.839,1.298,0.474,0.662,1.337,0.704,0.507,0.425,1.14,0.549,1.1,0.883,1.554,1.08,1.267,2.42,1.148,0.791,1.403,0.993,0.989,2.659,0.345,0.763,0.379,0.763
0,1.757,1.104,1.139,1.262,1.775,1.117,0.726,1.238,0.569,0.602,1.402,0.636,0.636,0.489,1.329,0.629,1.346,1.114,1.66,1.103,1.323,2.47,1.202,0.999,1.399,1.065,1.095,2.599,0.372,0.763,0.239,0.794
0,1.866,1.233,1.066,0.948,2.082,1.184,0.659,1.291,0.474,0.511,1.397,0.667,0.651,0.398,1.212,0.576,1.141,0.963,1.702,0.982,1.335,2.522,1.195,0.817,1.58,0.993,1.069,2.697,0.398,0.823,0.292,0.593
0,1.877,1.174,1.149,1.244,1.833,1.05,0.831,1.22,0.489,0.613,1.703,0.629,0.598,0.447,1.284,0.629,1.168,0.91,1.634,1.107,1.221,2.623,1.183,1.007,1.312,1.005,1.217,2.722,0.372,0.864,0.239,0.656
1,1.975,1.138,1.066,0.99,1.867,1.268,0.719,1.313,0.527,0.625,1.318,0.693,0.549,0.425,1.351,0.693,1.149,0.796,1.554,0.989,1.167,2.689,1.228,0.855,1.311,0.94,1.042,2.542,0.512,0.774,0.239,0.62
0,1.898,1.054,1.24,1.131,1.876,1.174,0.659,1.295,0.478,0.64,1.526,0.704,0.447,0.5,1.355,0.78,1.047,0.91,1.539,1.05,1.123,2.593,1.236,0.815,1.331,0.933,1.05,2.705,0.319,0.894,0.326,0.73
0,1.769,1.145,1.119,1.219,1.939,1.255,0.745,1.246,0.511,0.474,1.504,0.598,0.432,0.405,1.442,0.591,1.096,1.001,1.494,1.095,1.123,2.478,1.255,1.079,1.285,1.065,1.16,2.714,0.292,0.767,0.239,0.689
0,1.91,0.958,1.15,1.076,1.949,1.076,0.772,1.329,0.458,0.7,1.36,0.523,0.394,0.425,1.291,0.693,1.202,0.876,1.501,1.053,1.308,2.545,1.248,0.965,1.267,0.956,1.289,2.587,0.425,0.861,0.432,0.622
0,1.826,1.047,1.104,1.132,1.929,1.119,0.666,1.262,0.363,0.511,1.564,0.757,0.409,0.629,1.469,0.715,1.073,0.924,1.554,0.951,1.221,2.528,0.997,0.901,1.346,1.028,1.069,2.619,0.319,0.727,0.432,0.76
0,1.842,1.059,1.164,1.061,1.879,1.297,0.764,1.179,0.485,0.5,1.269,0.64,0.613,0.436,1.382,0.602,1.292,0.91,1.664,1.057,1.293,2.458,1.149,0.884,1.289,0.993,1.053,2.717,0.345,0.991,0.273,0.767
0,1.958,1.115,1.062,1.179,1.778,1.146,0.646,1.438,0.516,0.474,1.435,0.689,0.587,0.398,1.34,0.704,1.141,1.016,1.8,1.148,1.134,2.474,1.16,0.886,1.301,1.028,1.016,2.435,0.345,0.73,0.3,0.596
1,1.748,1.196,1.179,1.103,1.759,1.177,0.831,1.282,0.432,0.549,1.511,0.629,0.64,0.398,1.147,0.64,1.043,0.856,1.584,1.103,1.088,2.729,1.267,0.859,1.334,1.001,1.042,2.758,0.292,0.901,0.281,0.73
1,1.722,1.114,1.325,1.17,1.875,1.107,0.794,1.242,0.383,0.443,1.473,0.64,0.64,0.576,1.624,0.64,1.149,1.126,1.649,0.989,0.956,2.514,1.239,0.897,1.176,1.031,0.967,2.531,0.345,0.804,0.319,0.555
1,1.84,1.164,1.217,1.166,1.786,1.181,0.699,1.311,0.569,0.534,1.333,0.64,0.587,0.394,1.26,0.527,1.069,0.876,1.334,1.053,1.361,2.593,1.247,1.045,1.202,1.058,1.21,2.591,0.398,0.883,0.265,0.79
0,1.854,1.147,1.059,1.177,1.767,1.173,0.752,1.16,0.425,0.534,1.515,0.549,0.56,0.421,1.389,0.64,1.035,0.796,1.569,0.989,1.202,2.255,1.228,0.897,1.415,1.031,1.27,2.521,0.425,0.734,0.3,0.689
0,1.733,1.033,1.113,1.17,1.751,1.079,0.861,1.378,0.5,0.485,1.337,0.655,0.523,0.398,1.473,0.667,1.062,0.925,1.554,0.989,1.168,2.635,1.122,0.768,1.293,0.94,0.884,2.596,0.326,0.83,0.265,0.738
1,1.817,1.02,1.075,0.97,1.732,1.233,0.75,1.337,0.432,0.534,1.402,0.795,0.576,0.569,1.484,0.678,1.035,1.009,1.387,0.974,1.168,2.71,1.148,0.909,1.407,1.043,1.141,2.633,0.372,0.901,0.3,0.767
1,1.745,1.066,1.126,1.248,1.921,1.083,0.73,1.265,0.591,0.523,1.515,0.549,0.613,0.591,1.511,0.625,1.229,0.777,1.539,1.167,1.062,2.561,1.202,0.881,1.365,1.054,1.084,2.703,0.372,0.801,0.319,0.64
1,1.879,1.171,1.082,1.255,1.812,1.188,0.719,1.288,0.511,0.523,1.284,0.667,0.565,0.398,1.477,0.613,1.115,1.092,1.565,0.863,1.141,2.474,1.202,0.951,1.357,0.952,1.195,2.521,0.319,0.767,0.3,0.689
1,1.972,1.107,1.186,1.148,1.729,1.11,0.776,1.273,0.489,0.549,1.413,0.678,0.576,0.398,1.231,0.651,1.149,0.947,1.804,0.936,1.149,2.636,1.221,0.97,1.414,0.937,1.267,2.754,0.425,0.85,0.326,0.767
0,1.635,1.125,1.026,1.057,1.77,1.152,0.868,1.337,0.474,0.587,1.446,0.587,0.549,0.436,1.269,0.549,1.115,0.803,1.619,1.088,1.354,2.533,1.05,0.837,1.255,0.963,1.153,2.856,0.292,0.834,0.326,0.827
0,1.699,1.111,1.124,1.075,1.935,1.265,0.68,1.306,0.458,0.485,1.541,0.565,0.625,0.489,1.246,0.602,1.176,0.883,1.531,1.163,1.176,2.508,1.103,0.821,1.426,1.031,1.065,2.646,0.345,0.801,0.292,0.7
1,1.842,1.071,1.269,1.192,1.828,1.128,0.78,1.342,0.5,0.538,1.295,0.667,0.651,0.462,1.295,0.602,1.088,0.956,1.633,0.883,1.069,2.367,1.149,0.81,1.293,1.088,1.248,2.672,0.406,0.801,0.379,0.787
1,1.919,1.03,1.131,1.103,1.862,1.053,0.797,1.258,0.432,0.56,1.499,0.693,0.602,0.565,1.322,0.678,1.289,0.929,1.645,1.023,1.141,2.591,1.232,0.888,1.346,1.042,1.13,2.485,0.372,0.801,0.379,0.615
1,1.978,1.054,1.145,1.259,1.906,0.952,0.812,1.311,0.489,0.507,1.552,0.667,0.458,0.489,1.22,0.602,1.202,0.956,1.547,1.175,1.134,2.806,1.236,0.988,1.426,1.073,1.167,2.683,0.459,0.861,0.292,0.76
0,1.957,1.044,1.106,1.17,1.822,1.15,0.692,1.355,0.538,0.47,1.311,0.565,0.613,0.383,1.544,0.587,1.32,0.956,1.558,0.902,1.069,2.357,1.228,0.757,1.221,0.914,1.334,2.501,0.459,0.73,0.265,0.696
0,1.794,1.011,1.153,1.199,1.953,1.082,0.726,1.244,0.511,0.485,1.36,0.618,0.591,0.5,1.295,0.618,1.073,0.856,1.622,1.102,1.187,2.394,1.236,1.012,1.388,1.062,1.349,2.745,0.372,0.763,0.379,0.727
1,1.748,1.053,1.078,1.15,1.828,1.191,0.777,1.258,0.383,0.678,1.522,0.587,0.587,0.425,1.344,0.602,1.141,0.963,1.542,0.951,1.308,2.515,1.149,0.921,1.274,1.1,0.929,2.857,0.372,0.779,0.265,0.756
0,1.853,0.969,1.167,1.046,1.933,1.053,0.697,1.302,0.436,0.496,1.488,0.64,0.507,0.458,1.411,0.655,0.99,0.895,1.528,1.016,1.285,2.782,1.13,0.844,1.342,0.921,1.391,2.717,0.345,0.901,0.319,0.794
0,1.877,0.984,1.203,1.097,1.864,1.083,0.68,1.297,0.523,0.511,1.318,0.56,0.511,0.398,1.544,0.64,1.274,0.876,1.512,1.136,1.312,2.576,1.156,0.965,1.274,1.001,1.168,2.788,0.292,0.79,0.265,0.832
1,1.774,1.22,1.119,1.124,1.839,1.157,0.772,1.231,0.538,0.458,1.375,0.651,0.511,0.511,1.42,0.587,1.141,0.903,1.547,0.989,1.187,2.605,1.175,0.78,1.24,0.978,1.266,2.652,0.3,0.808,0.319,0.756
0,1.842,0.902,1.04,1.083,1.788,1.196,0.797,1.389,0.527,0.576,1.431,0.655,0.613,0.409,1.469,0.64,1.232,0.963,1.584,0.936,1.153,2.5,1.202,0.969,1.308,1.02,1.1,2.666,0.372,0.827,0.3,0.834
1,1.801,1.066,1.078,1.177,1.759,1.059,0.67,1.3,0.542,0.549,1.455,0.704,0.576,0.398,1.253,0.715,1.202,0.883,1.66,1.068,1.179,2.624,1.229,0.715,1.115,1.047,1.096,2.599,0.425,0.834,0.307,0.794
1,1.849,1.133,1.185,1.117,1.909,1.282,0.891,1.242,0.56,0.447,1.344,0.704,0.625,0.474,1.491,0.693,1.179,0.876,1.675,1.023,1.195,2.525,1.315,0.828,1.293,1.1,1.141,2.647,0.379,0.868,0.3,0.656
1,1.796,1.156,1.185,1.184,1.812,1.195,0.738,1.231,0.565,0.549,1.484,0.704,0.534,0.398,1.178,0.602,1.202,0.929,1.615,1.016,1.221,2.629,1.175,0.904,1.388,0.921,1.179,2.548,0.239,0.763,0.319,0.629
1,1.886,1.171,1.186,1.173,1.937,1.213,0.761,1.24,0.474,0.474,1.488,0.485,0.485,0.425,1.533,0.704,1.373,0.99,1.5,0.977,1.123,2.623,1.088,0.893,1.262,0.876,1.206,2.566,0.372,0.917,0.432,0.522
0,1.92,0.953,1.073,1.075,1.721,1.117,0.652,1.265,0.5,0.576,1.504,0.602,0.613,0.474,1.442,0.602,1.195,0.857,1.452,0.947,1.195,2.549,1.255,1.034,1.308,0.956,1.028,2.68,0.265,0.77,0.273,0.694
1,1.821,1.044,1.126,1.188,1.836,1.248,0.853,1.371,0.485,0.587,1.386,0.704,0.625,0.489,1.499,0.72,1.035,0.921,1.637,0.97,1.168,2.522,1.123,0.977,1.229,1.043,0.982,2.755,0.398,0.801,0.319,0.756
0,1.733,1.182,1.059,1.136,1.9,1.248,0.726,1.3,0.542,0.613,1.428,0.651,0.602,0.398,1.156,0.64,1.088,0.838,1.478,1.042,1.248,2.459,1.095,0.715,1.369,0.99,0.982,2.295,0.319,0.76,0.432,0.596
0,1.79,1.006,1.119,1.135,1.972,1.185,0.752,1.362,0.538,0.485,1.515,0.64,0.5,0.425,1.333,0.64,1.088,1.009,1.501,0.903,1.255,2.593,1.088,0.988,1.285,0.993,1.042,2.848,0.345,0.868,0.247,0.79
0,1.917,0.904,1.224,1.184,1.761,1.146,0.752,1.173,0.527,0.587,1.386,0.693,0.565,0.356,1.227,0.753,1.206,0.751,1.672,1.06,1.213,2.429,1.076,0.928,1.464,1.047,1.107,2.615,0.319,0.756,0.292,0.696
1,1.797,1.126,1.246,1.053,1.981,1.266,0.666,1.318,0.538,0.458,1.594,0.757,0.511,0.489,1.46,0.682,1.1,0.743,1.433,1.069,1.274,2.696,1.156,0.965,1.384,1.13,1.13,2.668,0.239,0.883,0.345,0.723
0,1.99,1.022,1.114,1.177,1.847,1.05,0.759,1.269,0.511,0.534,1.428,0.64,0.598,0.489,1.435,0.576,1.274,0.99,1.691,0.952,1.107,2.658,1.096,0.848,1.213,1.096,1.009,2.667,0.398,0.83,0.3,0.79
1,1.747,1.036,1.138,1.139,1.828,1.043,0.842,1.325,0.565,0.485,1.564,0.629,0.625,0.451,1.2,0.678,1.255,1.05,1.523,0.996,1.069,2.63,1.076,0.859,1.308,1.194,1.196,2.789,0.3,0.901,0.292,0.749
1,1.836,1.114,1.126,1.125,1.773,1.119,0.821,1.348,0.496,0.474,1.431,0.64,0.56,0.447,1.291,0.538,1.335,0.837,1.634,0.996,1.088,2.428,1.195,0.753,1.373,1.262,1.035,2.781,0.398,0.801,0.292,0.783
0,1.821,1.198,1.16,1.046,1.722,1.079,0.692,1.399,0.538,0.523,1.371,0.715,0.613,0.489,1.393,0.667,1.141,0.97,1.547,1.05,1.202,2.434,1.035,0.999,1.293,1.012,1.005,2.592,0.372,0.894,0.239,0.787
0,1.952,1.062,1.059,1.076,1.849,1.177,0.745,1.344,0.516,0.565,1.413,0.591,0.523,0.462,1.362,0.704,1.073,0.963,1.565,1.016,1.285,2.477,1.096,0.87,1.293,1.058,1.262,2.789,0.425,0.797,0.379,0.723
0,1.886,1.029,1.078,1.346,1.722,1.117,0.666,1.227,0.485,0.587,1.477,0.629,0.613,0.405,1.351,0.613,1.073,0.781,1.619,0.916,1.035,2.628,1.076,0.841,1.399,1.092,1.016,2.728,0.265,0.77,0.353,0.794
0,1.706,1.02,1.126,1.237,1.784,1.342,0.783,1.206,0.516,0.64,1.477,0.704,0.704,0.5,1.322,0.731,1.153,0.903,1.554,1.034,1.327,2.469,1.153,0.803,1.429,0.903,0.929,2.506,0.265,0.823,0.239,0.64
1,1.942,1.013,1.153,1.083,1.698,1.053,0.613,1.253,0.511,0.511,1.557,0.64,0.549,0.496,1.374,0.64,1.115,0.967,1.539,0.99,1.19,2.606,1.327,0.988,1.346,1.058,1.069,2.578,0.512,0.801,0.247,0.694
1,1.819,1.186,1.146,1.068,1.824,1.141,0.733,1.404,0.511,0.511,1.613,0.693,0.662,0.372,1.287,0.553,1.24,0.77,1.478,0.936,1.168,2.488,1.156,1.072,1.399,1.095,0.993,2.705,0.319,0.861,0.292,0.76
0,1.85,1.073,1.24,1.217,1.822,1.371,0.73,1.375,0.538,0.56,1.45,0.629,0.367,0.531,1.382,0.64,1.009,0.864,1.645,0.917,1.035,2.39,1.176,0.855,1.176,0.804,1.115,2.679,0.345,0.763,0.239,0.734
0,1.906,1.114,1.168,1.177,1.744,1.161,0.67,1.389,0.565,0.507,1.557,0.731,0.576,0.618,1.593,0.704,1.229,0.804,1.691,0.996,1.088,2.556,1.141,0.864,1.354,1.107,1.028,2.789,0.372,0.857,0.292,0.76
1,1.73,1.153,1.138,1.11,1.775,1.099,0.817,1.231,0.462,0.394,1.355,0.757,0.549,0.398,1.551,0.731,1.168,0.921,1.6,0.963,1.282,2.496,1.156,0.958,1.49,1.047,1.167,2.779,0.319,0.801,0.406,0.663
1,1.74,1.133,1.059,1.142,1.819,1.146,0.726,1.258,0.474,0.523,1.42,0.693,0.534,0.527,1.313,0.715,1.141,0.937,1.581,1.08,1.384,2.576,1.141,0.766,1.346,1.031,1.187,2.548,0.319,0.763,0.292,0.629
1,1.965,1.087,1.188,1.203,1.816,1.263,0.757,1.269,0.458,0.576,1.488,0.704,0.629,0.451,1.216,0.613,1.088,0.822,1.516,1.136,1.195,2.58,1.327,0.912,1.475,1.028,1,2.66,0.478,0.767,0.3,0.794
1,1.944,1.085,1.133,1.203,1.789,1.221,0.783,1.302,0.538,0.458,1.295,0.731,0.443,0.451,1.302,0.549,1.096,0.963,1.638,1.095,1.141,2.613,1.168,0.908,1.255,1.122,1.308,2.763,0.353,0.808,0.265,0.723
1,1.91,1.126,1.184,1.259,1.815,1.188,0.748,1.306,0.447,0.598,1.428,0.565,0.511,0.409,1.272,0.56,1.323,1.042,1.531,1.156,1.213,2.507,1.202,1.045,1.335,1.028,1.102,2.659,0.345,0.834,0.265,0.79
1,1.892,1.171,1.047,1.143,1.819,1.153,0.761,1.277,0.447,0.432,1.348,0.704,0.496,0.421,1.322,0.576,1.062,1.107,1.482,1.076,1.123,2.476,1.141,1.037,1.293,0.929,1.088,2.711,0.372,0.83,0.186,0.694
0,1.692,1.107,1.318,1.215,1.861,1.181,0.715,1.256,0.549,0.538,1.552,0.64,0.576,0.478,1.548,0.565,1.365,1.016,1.774,1.095,1.123,2.591,1.069,0.837,1.301,1.19,1.156,2.687,0.319,0.741,0.319,0.727
1,1.864,1.1,1.168,1.157,1.8,1.117,0.579,1.258,0.523,0.511,1.477,0.678,0.613,0.458,1.347,0.602,1.282,0.811,1.649,1.083,1.32,2.5,1.095,0.935,1.399,1.039,1.057,2.717,0.265,0.801,0.239,0.794
1,1.949,1.033,1.119,1.019,1.9,0.986,0.857,1.41,0.538,0.64,1.284,0.667,0.56,0.436,1.491,0.56,1.195,0.989,1.425,1.186,1.141,2.447,1.176,0.844,1.373,1.043,1.206,2.635,0.485,0.763,0.353,0.656
1,1.826,1.059,1.171,1.053,1.902,1.194,0.759,1.238,0.425,0.56,1.499,0.693,0.602,0.553,1.223,0.587,1.096,0.883,1.414,0.981,1.054,2.613,1.016,0.916,1.282,0.963,1.186,2.717,0.319,0.861,0.326,0.787
0,1.865,0.927,1.142,1.277,1.849,1.059,0.786,1.418,0.565,0.523,1.311,0.651,0.485,0.462,1.457,0.667,1.043,0.956,1.581,0.977,1.198,2.605,1.115,0.977,1.444,0.967,1.027,2.693,0.432,0.857,0.326,0.562
1,1.759,1.107,1.188,1.233,1.762,1.086,0.719,1.322,0.474,0.421,1.333,0.704,0.523,0.319,1.446,0.613,1.301,1.043,1.619,1.057,1.051,2.589,1.088,0.724,1.407,1.126,1.217,2.797,0.212,0.89,0.239,0.787
1,1.828,1.02,1.104,1.186,1.723,1.201,0.906,1.242,0.538,0.511,1.606,0.618,0.565,0.436,1.491,0.667,1.115,1.043,1.448,1.144,1.176,2.783,1.156,0.916,1.267,0.903,1.289,2.695,0.451,0.861,0.186,0.723
1,1.733,0.934,0.999,1.079,1.752,1.046,0.773,1.167,0.538,0.56,1.519,0.784,0.625,0.447,1.495,0.651,1.255,0.891,1.531,0.981,1.202,2.579,1.043,0.87,1.289,0.99,0.849,2.777,0.265,0.834,0.239,0.827
1,1.71,1.085,1.119,1.103,1.684,1.012,0.745,1.306,0.5,0.587,1.53,0.602,0.534,0.345,1.415,0.655,1.195,0.917,1.634,0.929,1.168,2.493,1.062,0.742,1.301,0.956,1.179,2.659,0.265,0.794,0.319,0.66
0,1.824,0.98,1.133,1.083,1.916,1.161,0.699,1.231,0.458,0.572,1.458,0.591,0.625,0.516,1.624,0.587,1.202,0.977,1.471,1.004,1.176,2.607,1.008,1.01,1.229,1.134,1.221,2.796,0.345,0.767,0.273,0.73
0,1.806,1.104,1.171,1.221,1.9,1.228,0.666,1.424,0.458,0.572,1.492,0.667,0.458,0.421,1.322,0.625,1.213,0.898,1.501,1.118,1.259,2.447,1.236,0.954,1.202,1.065,1.187,2.534,0.406,0.794,0.406,0.622
1,1.81,1.004,1.288,1.371,1.872,1.231,0.825,1.193,0.409,0.587,1.488,0.704,0.587,0.462,1.2,0.731,1.221,0.837,1.675,0.997,1.115,2.64,1.076,0.764,1.327,1.073,1.394,2.925,0.345,0.861,0.319,0.734
1,1.895,1.066,1.198,1.329,1.953,1.186,0.713,1.234,0.383,0.565,1.579,0.591,0.523,0.5,1.65,0.629,1.187,1.088,1.467,0.803,1.107,2.561,1.273,0.757,1.373,0.99,1.047,2.696,0.372,0.763,0.485,0.694
1,1.79,1.062,1.126,1.173,1.986,1.11,0.805,1.227,0.474,0.613,1.402,0.795,0.549,0.489,1.435,0.538,1.179,0.856,1.649,0.917,1.123,2.553,1.232,0.923,1.369,0.963,1.221,2.995,0.478,0.827,0.379,0.894
1,1.892,1.013,1.097,1.128,1.847,1.199,0.738,1.291,0.516,0.587,1.413,0.72,0.523,0.496,1.318,0.576,1.141,0.91,1.361,1.133,1.035,2.401,1.069,1,1.464,1.009,1.062,2.479,0.372,0.834,0.353,0.663
1,1.824,1.1,1.213,1.106,1.831,1.088,0.752,1.351,0.372,0.496,1.322,0.742,0.523,0.504,1.367,0.704,1.115,0.856,1.542,1.129,1.096,2.593,1.149,0.926,1.475,0.982,1.035,2.541,0.292,0.868,0.247,0.66
1,1.691,0.902,1.186,1.09,1.954,1.065,0.799,1.227,0.451,0.572,1.386,0.667,0.394,0.421,1.62,0.715,1.308,0.91,1.414,1.023,1.168,2.697,1.149,0.912,1.32,1.172,1.122,3.068,0.239,0.77,0.22,0.925
0,1.879,0.991,1.228,1.117,1.85,1.173,0.872,1.231,0.474,0.523,1.368,0.655,0.576,0.425,1.291,0.591,1.195,1.043,1.652,1.004,1.149,2.629,1.095,0.935,1.343,1.039,1.16,2.527,0.372,0.816,0.319,0.562
0,1.853,1.119,0.969,1.244,1.94,1.29,0.777,1.28,0.576,0.523,1.333,0.704,0.602,0.436,1.413,0.618,1.195,0.823,1.637,1.042,1.149,2.771,1.232,0.988,1.399,1.054,0.947,2.511,0.319,0.868,0.3,0.562
1,1.892,1.096,1.053,0.979,1.738,1.106,0.797,1.298,0.447,0.598,1.333,0.538,0.587,0.451,1.495,0.742,1.088,0.77,1.38,0.996,1.202,2.45,1.1,0.893,1.308,1.118,1.141,2.581,0.372,0.797,0.353,0.689
0,1.819,1.138,0.955,1.224,1.893,1.317,0.775,1.186,0.565,0.576,1.462,0.731,0.602,0.462,1.409,0.572,1.126,0.77,1.433,1.08,1.282,2.651,1.13,0.901,1.3,1.02,0.796,2.618,0.319,0.861,0.379,0.562
1,1.872,1.053,1.213,1.198,1.969,1.019,0.773,1.329,0.538,0.421,1.333,0.731,0.715,0.398,1.382,0.667,1.141,0.916,1.505,1.103,1.031,2.621,1.122,0.833,1.32,0.937,1.141,2.499,0.372,0.834,0.353,0.694
0,1.854,1.1,1.093,0.994,1.886,1.061,0.719,1.198,0.432,0.636,1.462,0.678,0.523,0.436,1.42,0.625,1.206,1.088,1.478,1.053,1.282,2.468,1.115,0.915,1.304,0.989,1.308,2.778,0.353,0.83,0.265,0.76
0,1.926,1.111,1.255,1.072,2.041,1.075,0.757,1.283,0.462,0.485,1.295,0.667,0.538,0.458,1.265,0.576,1.115,0.929,1.505,0.951,1.176,2.681,1.122,0.795,1.426,0.914,1.141,2.819,0.379,0.834,0.326,0.794
1,1.937,1.149,1.093,1.203,1.86,1.15,0.684,1.167,0.474,0.587,1.522,0.655,0.511,0.5,1.355,0.693,1.24,0.963,1.558,1.133,1.282,2.587,1.076,0.882,1.255,0.974,1.186,2.943,0.451,0.827,0.212,0.854
1,1.854,0.973,1.097,1.24,1.895,1.069,0.764,1.22,0.538,0.432,1.428,0.56,0.458,0.409,1.313,0.576,1.141,0.963,1.614,1.141,1.073,2.397,1.069,0.809,1.331,1.042,1.145,2.797,0.406,0.797,0.379,0.76
1,2.006,1.288,1.145,1.057,1.79,1.215,0.764,1.302,0.451,0.398,1.242,0.56,0.715,0.345,1.325,0.678,1.088,0.91,1.521,1.023,1.282,2.586,1.095,0.928,1.361,1.009,1.107,2.638,0.432,0.861,0.345,0.689
1,1.846,1.122,1.156,1.106,1.755,1.005,0.779,1.265,0.489,0.56,1.402,0.591,0.572,0.345,1.174,0.629,1.168,0.947,1.494,1.13,1.069,2.589,1.262,0.939,1.376,0.982,1.148,2.379,0.319,0.868,0.292,0.627
1,1.944,1.055,1.228,1.244,1.837,1.15,0.793,1.318,0.538,0.523,1.402,0.693,0.485,0.425,1.329,0.689,1.062,0.724,1.687,0.83,1.255,2.462,1.175,0.942,1.301,1.069,1.19,2.77,0.451,0.763,0.326,0.783
1,1.892,1.027,1.177,1.153,1.91,1.244,0.699,1.179,0.538,0.507,1.515,0.822,0.511,0.425,1.502,0.565,1.088,0.823,1.649,0.936,1.141,2.405,1.202,1.011,1.255,0.94,1.008,2.703,0.372,0.763,0.319,0.754
1,1.972,0.962,1.1,1.233,1.816,1.255,0.884,1.28,0.462,0.458,1.537,0.715,0.613,0.5,1.325,0.678,1.202,0.822,1.513,1.069,1.168,2.661,1.122,0.788,1.267,0.956,1.149,2.691,0.425,0.928,0.406,0.7
0,1.826,0.999,1.119,1.143,1.925,1.192,0.819,1.306,0.538,0.511,1.337,0.671,0.651,0.504,1.253,0.769,1.088,0.796,1.538,1.069,1.176,2.405,1.062,0.841,1.346,1.095,1.137,2.782,0.319,0.801,0.379,0.727
1,1.819,1.126,1.179,1.15,1.91,1.113,0.793,1.16,0.478,0.609,1.114,0.682,0.587,0.516,1.375,0.629,1.126,0.956,1.528,1.083,0.993,2.613,1.228,1.018,1.441,0.99,0.823,2.628,0.345,0.85,0.372,0.656
1,1.862,1.047,1.113,1.094,1.873,1.293,0.786,1.442,0.671,0.523,1.504,0.56,0.534,0.409,1.484,0.625,1.062,1.183,1.501,0.917,1.096,2.635,1.1,0.848,1.308,1.047,1.168,2.873,0.432,0.864,0.326,0.727
1,1.748,0.92,1.073,1.208,1.876,1.198,0.708,1.291,0.489,0.474,1.284,0.704,0.458,0.538,1.431,0.629,1.149,1.023,1.728,1.095,1.088,2.518,1.229,1.034,1.308,0.94,1.247,2.554,0.319,0.834,0.273,0.723
1,1.846,1.187,1.205,0.983,1.838,1.072,0.68,1.195,0.511,0.47,1.284,0.655,0.598,0.5,1.216,0.689,1.232,0.936,1.577,1.023,1.088,2.645,1.195,0.912,1.316,1.031,1.034,2.848,0.345,0.908,0.247,0.834
0,1.748,1.115,1.139,1.237,1.914,1.093,0.826,1.277,0.557,0.496,1.397,0.64,0.625,0.345,1.375,0.704,1.24,0.823,1.637,1.008,1.047,2.449,0.914,1.063,1.343,1.073,1.123,2.499,0.372,0.83,0.3,0.656
0,1.744,0.92,1.157,1.135,1.92,1.069,0.726,1.287,0.5,0.458,1.367,0.591,0.576,0.416,1.371,0.629,1.145,0.876,1.629,0.958,1.179,2.633,1.141,1.087,1.259,0.967,1.05,2.694,0.239,0.767,0.239,0.562
1,1.868,1.171,1.133,1.21,1.77,1.11,0.745,1.193,0.47,0.587,1.53,0.667,0.602,0.553,1.322,0.715,1.145,0.982,1.547,0.97,1.202,2.718,1.062,1.06,1.459,1.047,1.095,2.427,0.398,0.901,0.372,0.596
1,2.004,1.142,1.019,0.979,1.84,0.988,0.624,1.382,0.538,0.523,1.235,0.757,0.523,0.474,1.555,0.651,1.123,1.069,1.542,1.058,1.062,2.53,1.095,0.859,1.183,0.956,1.009,2.845,0.398,0.797,0.265,0.73
1,1.854,1.013,1.164,1.146,1.808,1.177,0.726,1.258,0.58,0.458,1.552,0.746,0.496,0.447,1.207,0.667,1.088,0.91,1.6,0.97,1.195,2.647,1.062,1.105,1.263,0.948,1.179,2.796,0.379,0.77,0.292,0.783
1,1.881,1.006,1.044,1.226,1.867,1.099,0.726,1.259,0.485,0.549,1.337,0.693,0.538,0.398,1.276,0.693,1.035,1.023,1.554,1.061,1.259,2.526,1.095,0.942,1.259,1.073,1.103,2.475,0.425,0.774,0.273,0.526
0,1.84,1.16,1.115,1.17,1.882,1.19,0.666,1.205,0.5,0.458,1.231,0.715,0.56,0.451,1.367,0.587,1.073,0.917,1.558,1.023,1.009,2.571,1.115,0.643,1.176,0.99,1.202,2.833,0.406,0.834,0.265,0.861
0,1.889,1.206,1.089,1.173,1.869,1.223,0.692,1.364,0.436,0.421,1.568,0.704,0.511,0.451,1.2,0.587,1.126,0.94,1.475,0.982,1.047,2.686,1.202,0.775,1.437,1.096,0.876,2.703,0.485,0.801,0.326,0.7
1,1.797,1.251,1.161,1.108,1.671,1.166,0.639,1.224,0.447,0.523,1.515,0.602,0.549,0.372,1.203,0.576,1.069,0.777,1.645,1.035,1.149,2.64,0.903,0.791,1.369,1.096,1.096,2.725,0.292,0.861,0.239,0.723
0,1.835,1.156,1.119,1.135,1.936,1.057,0.637,1.277,0.553,0.587,1.439,0.667,0.636,0.47,1.265,0.64,1.176,0.963,1.459,1.035,1.281,2.409,1.186,0.802,1.206,1.02,1.081,2.627,0.372,0.73,0.379,0.663
0,1.881,1.1,1.124,1.206,1.849,1.244,0.752,1.212,0.462,0.496,1.371,0.523,0.534,0.47,1.355,0.704,1.047,0.963,1.542,1.018,1.123,2.401,1.115,0.908,1.293,1.043,1.134,2.596,0.425,0.808,0.292,0.495
1,1.729,0.999,1.217,1.199,1.907,1.17,0.652,1.242,0.372,0.598,1.477,0.549,0.496,0.447,1.397,0.602,1.202,0.963,1.72,0.963,1.035,2.462,1.202,0.912,1.335,1.137,1.096,2.645,0.292,0.763,0.372,0.749
0,1.92,1.125,1.037,1.233,2.018,1.174,0.793,1.295,0.409,0.496,1.515,0.667,0.598,0.398,1.639,0.56,1.187,1.05,1.66,1.171,1.035,2.485,1.395,0.859,1.331,0.99,1.069,2.76,0.265,0.801,0.319,0.694
1,1.755,1.011,1.191,1.113,1.816,1.054,0.632,1.337,0.458,0.636,1.477,0.565,0.496,0.58,1.378,0.587,1.062,0.903,1.565,1.088,1.009,2.62,1.202,0.764,1.418,1.016,0.831,2.686,0.265,0.868,0.326,0.73
1,1.974,0.934,1.179,1.193,1.837,1.286,0.759,1.318,0.538,0.447,1.307,0.693,0.549,0.383,1.446,0.602,1.206,1.069,1.656,1.106,1.293,2.454,1.175,1.022,1.293,1.043,1.156,2.566,0.398,0.801,0.265,0.723
0,1.828,1.104,1.146,1.282,1.915,1.119,0.715,1.396,0.538,0.496,1.386,0.629,0.613,0.511,1.249,0.625,1.141,0.75,1.672,1.13,1.285,2.594,1.069,0.908,1.373,1.111,1.103,2.673,0.425,0.797,0.353,0.687
1,1.993,1.167,1.291,1.069,1.775,1.166,0.783,1.397,0.485,0.613,1.557,0.613,0.538,0.372,1.196,0.587,1.062,0.91,1.691,1.269,1.176,2.489,1.016,0.984,1.282,1.118,1.13,2.643,0.345,0.763,0.292,0.656
1,1.782,1.171,1.244,1.275,1.784,1.208,0.699,1.191,0.485,0.56,1.371,0.731,0.625,0.447,1.367,0.64,1.195,0.989,1.565,0.89,1.195,2.526,1.353,0.928,1.331,0.91,1.402,2.844,0.319,0.801,0.265,0.823
1,2.079,1.024,1.086,1.223,1.773,1.195,0.663,1.319,0.451,0.47,1.269,0.704,0.662,0.5,1.371,0.704,1.115,1.043,1.387,1.016,1.088,2.524,1.016,1.037,1.365,1.043,1.206,2.924,0.398,0.73,0.212,0.861
0,1.817,1.037,1.126,1.075,1.879,1.132,0.737,1.397,0.489,0.485,1.462,0.742,0.496,0.345,1.318,0.667,1.278,1.11,1.539,0.929,1.248,2.263,1.103,0.946,1.441,0.948,1.255,2.698,0.379,0.663,0.273,0.723
1,1.963,1.104,1.093,1.117,1.965,1.22,0.824,1.193,0.485,0.689,1.375,0.613,0.636,0.542,1.518,0.715,1.062,0.997,1.387,0.988,1.047,2.409,1.062,0.872,1.331,0.876,1.168,2.462,0.379,0.763,0.186,0.596
1,1.885,1.104,1.026,1.043,1.842,1.27,0.639,1.288,0.516,0.636,1.488,0.662,0.587,0.436,1.204,0.629,1.229,0.69,1.44,1.151,1.009,2.476,1.281,0.886,1.373,1.081,0.849,2.619,0.398,0.804,0.319,0.723
0,1.722,1.085,1.15,1.174,1.752,1.059,0.687,1.319,0.527,0.689,1.299,0.629,0.421,0.345,1.158,0.64,0.956,0.751,1.565,1.008,1.168,2.525,1.395,0.954,1.437,1.111,1.141,2.707,0.345,0.868,0.326,0.667
0,1.975,1.17,1.066,1.27,1.8,1.129,0.752,1.344,0.565,0.458,1.36,0.667,0.549,0.398,1.367,0.591,1.073,0.876,1.637,0.963,1.179,2.288,1.126,0.935,1.202,1.047,1.115,2.521,0.539,0.801,0.273,0.689
1,1.793,1.151,1.22,1.173,1.946,1.248,0.766,1.272,0.5,0.56,1.45,0.742,0.458,0.485,1.302,0.678,1.285,0.937,1.452,1.042,1.179,2.5,0.929,0.988,1.248,0.956,1.243,2.698,0.319,0.801,0.265,0.696
0,1.755,1.129,1.104,0.959,1.918,1.153,0.764,1.302,0.56,0.367,1.552,0.576,0.625,0.436,1.386,0.64,1.229,1.053,1.611,1.216,1.415,2.593,1.183,0.887,1.426,1.016,1.334,2.772,0.239,0.83,0.379,0.861
1,1.974,0.934,1.179,1.193,1.837,1.286,0.759,1.318,0.538,0.447,1.307,0.693,0.549,0.383,1.446,0.602,1.206,1.069,1.656,1.106,1.293,2.454,1.175,1.022,1.293,1.043,1.156,2.566,0.398,0.801,0.265,0.723
1,1.868,0.895,1.255,1.044,1.762,1.11,0.81,1.167,0.5,0.5,1.515,0.689,0.565,0.474,1.156,0.678,1.126,0.936,1.714,1.035,1.115,2.756,0.982,0.795,1.316,1.043,0.94,2.841,0.319,0.868,0.265,0.865
0,1.669,1.145,1.224,1.059,1.978,1.075,0.639,1.367,0.485,0.587,1.455,0.644,0.587,0.462,1.589,0.598,1.062,1.028,1.607,1,1.115,2.516,1.069,0.908,1.415,1.042,1.289,2.886,0.292,0.924,0.326,0.823
1,1.559,0.995,1.101,1.072,1.845,1.115,0.764,1.291,0.462,0.56,1.364,0.511,0.421,0.345,1.242,0.613,0.982,0.929,1.569,0.91,0.982,2.54,1.122,0.875,1.422,1.092,1.243,2.64,0.273,0.804,0.247,0.622
1,2.039,0.98,1.053,1.15,2.034,1.195,0.853,1.246,0.511,0.432,1.439,0.591,0.538,0.5,1.329,0.474,1.035,0.936,1.649,1.016,1.1,2.612,1.175,0.817,1.452,1.043,1.126,2.711,0.485,0.83,0.353,0.667
1,1.846,1.133,1.104,1.139,1.839,1.21,0.786,1.2,0.458,0.485,1.515,0.644,0.538,0.478,1.428,0.587,1.168,0.993,1.52,0.863,1.05,2.623,1.202,0.935,1.285,0.952,1.235,2.745,0.345,0.864,0.292,0.682
0,1.795,0.951,1.191,1.106,1.826,1.177,0.786,1.475,0.5,0.496,1.439,0.769,0.587,0.33,1.276,0.534,1.088,0.803,1.596,0.989,1.248,2.548,1.202,0.883,1.289,1.088,1.081,2.701,0.406,0.894,0.247,0.582
1,1.801,1.026,1.146,1.184,1.671,1.139,0.699,1.246,0.565,0.56,1.643,0.602,0.523,0.451,1.307,0.613,1.043,1.069,1.501,0.97,1.153,2.462,1.096,1.018,1.221,0.937,1.073,2.52,0.372,0.763,0.212,0.555
1,1.884,1.071,1.217,1.191,1.82,1.108,0.733,1.266,0.511,0.576,1.537,0.64,0.598,0.372,1.28,0.587,0.929,0.91,1.516,1.122,1.062,2.539,1.042,0.81,1.296,1.047,1.209,2.936,0.398,0.723,0.353,0.794
1,1.846,0.999,1.205,1.139,1.898,1.041,0.699,1.168,0.538,0.485,1.654,0.565,0.662,0.451,1.442,0.549,1.115,0.936,1.52,0.977,1.293,2.455,1.315,0.919,1.361,0.831,1.168,2.868,0.292,0.756,0.379,0.794
0,1.807,1.175,1.153,1.135,1.857,1.139,0.846,1.385,0.527,0.447,1.481,0.613,0.496,0.5,1.382,0.618,1.141,0.91,1.422,1.209,1.069,2.561,1.262,0.863,1.316,0.982,1.088,2.698,0.319,0.801,0.292,0.767
1,1.702,1.138,1.071,1.199,1.95,1.155,0.817,1.277,0.458,0.549,1.455,0.549,0.651,0.458,1.393,0.538,1.088,0.796,1.645,1.034,1.213,2.513,1.148,0.856,1.32,0.982,1.134,2.629,0.265,0.67,0.334,0.562
0,1.831,1.133,1.16,1.263,1.733,1.11,0.78,1.226,0.485,0.511,1.439,0.591,0.523,0.516,1.382,0.667,1.115,0.903,1.637,1.057,1.179,2.654,1.262,0.791,1.289,0.948,1.02,2.708,0.406,0.894,0.265,0.839
0,1.717,1.071,1.168,1.05,1.939,1.103,0.697,1.319,0.538,0.598,1.22,0.678,0.511,0.345,1.204,0.715,1.248,1.035,1.607,1.069,1.088,2.562,1.202,0.81,1.149,1.028,1.043,2.553,0.319,0.908,0.319,0.593
0,1.888,1.178,1.164,1.173,1.711,1.294,0.733,1.36,0.538,0.421,1.322,0.72,0.534,0.478,1.404,0.662,1.183,0.887,1.675,1.194,1.213,2.614,1.228,0.958,1.35,0.94,1.269,2.744,0.372,0.783,0.326,0.76
0,1.79,1.111,1.068,1.113,1.993,1.215,0.699,1.358,0.527,0.523,1.537,0.757,0.598,0.33,1.28,0.625,1.035,0.77,1.554,1.137,1.141,2.526,0.936,1.048,1.346,1.1,1.103,2.606,0.319,0.846,0.379,0.622
0,1.777,1.168,1.262,1.275,1.887,1.188,0.715,1.2,0.425,0.549,1.515,0.587,0.598,0.56,1.462,0.576,1.168,1.05,1.554,1.102,1.255,2.481,1.255,0.954,1.403,0.99,1.016,2.913,0.319,0.774,0.326,0.801
0,1.638,1.087,1.055,1.028,1.899,1.15,0.849,1.456,0.474,0.625,1.462,0.655,0.56,0.383,1.428,0.678,1.312,0.823,1.475,1.035,1.073,2.714,1.103,1.067,1.539,0.903,1.153,2.739,0.3,0.928,0.292,0.801
0,1.933,1.16,1.217,1.21,1.702,1.053,0.757,1.246,0.5,0.56,1.284,0.655,0.598,0.383,1.439,0.591,1.035,0.777,1.645,0.97,1.255,2.455,1.209,1.052,1.316,0.956,1.016,2.421,0.372,0.73,0.265,0.589
0,1.944,1.08,1.093,1.209,1.872,1.113,0.606,1.238,0.538,0.598,1.435,0.629,0.549,0.576,1.375,0.587,1.179,1.107,1.629,1.14,1.141,2.522,1.103,0.961,1.251,0.99,1.225,2.717,0.432,0.823,0.345,0.794
1,1.887,1.12,1.157,1.237,1.918,1.09,0.659,1.353,0.421,0.549,1.541,0.678,0.613,0.436,1.427,0.704,0.967,1.009,1.811,1.026,1.255,2.601,1.062,0.828,1.543,1.062,1.175,2.658,0.406,0.83,0.326,0.682
1,1.866,1.066,1.184,1.117,1.828,1.186,0.648,1.2,0.565,0.572,1.371,0.511,0.613,0.489,1.318,0.678,1.126,0.743,1.611,1.08,0.94,2.72,1.096,0.851,1.482,1.198,1.069,2.683,0.398,0.854,0.319,0.707
1,1.729,1.089,1.083,1.097,1.895,1.184,0.821,1.24,0.436,0.511,1.375,0.576,0.689,0.447,1.307,0.553,1.213,1.103,1.736,1.13,1.221,2.555,1.043,0.864,1.32,1.035,1.168,2.685,0.319,0.954,0.432,0.694
0,1.769,1.168,1.186,1.348,1.777,1.177,0.719,1.389,0.553,0.436,1.601,0.651,0.64,0.458,1.495,0.629,1.115,0.823,1.645,1.027,1.255,2.705,1.141,0.95,1.274,1.081,1.232,2.736,0.292,0.774,0.319,0.723
0,1.906,1.175,1.168,1.174,1.763,1.016,0.752,1.284,0.474,0.549,1.488,0.602,0.421,0.425,1.174,0.731,1.221,1.081,1.634,0.929,1.176,2.522,1.175,0.848,1.259,1.118,1.043,2.745,0.292,0.823,0.3,0.689
1,1.65,1.164,1.178,1.097,1.96,1.163,0.632,1.206,0.511,0.511,1.428,0.576,0.64,0.569,1.586,0.602,0.956,0.956,1.592,1.136,1.096,2.589,1.115,0.939,1.406,1.069,1.081,2.824,0.372,0.67,0.353,0.694
1,1.882,1.273,1.24,1.143,1.834,1.174,0.613,1.171,0.542,0.549,1.397,0.806,0.511,0.436,1.397,0.576,1.115,0.883,1.558,1.091,1.096,2.413,1.069,0.828,1.255,1.009,1.053,2.732,0.432,0.767,0.193,0.756
1,1.988,1.104,1.089,1.177,2.004,1.11,0.697,1.348,0.511,0.613,1.515,0.742,0.651,0.489,1.325,0.678,1.115,0.831,1.505,1.069,1.009,2.476,1.149,0.851,1.263,1.1,1.156,2.865,0.398,0.83,0.345,0.821
1,1.91,0.935,1.186,1.104,1.967,1.269,0.719,1.344,0.527,0.618,1.624,0.613,0.662,0.489,1.302,0.689,1.115,0.993,1.637,1.167,1.141,2.518,1.195,0.882,1.229,1.02,1.126,2.598,0.345,0.846,0.353,0.687
1,1.902,0.955,1.198,1.304,1.909,1.212,0.719,1.344,0.618,0.549,1.424,0.618,0.511,0.345,1.284,0.72,1.213,0.891,1.494,1.095,1.255,2.727,1.133,1.046,1.255,1.016,1.08,2.571,0.292,0.827,0.326,0.66
0,2.019,1.036,1.108,1.195,2.004,1.058,0.8,1.266,0.489,0.511,1.417,0.704,0.598,0.5,1.457,0.678,1.202,1.016,1.436,0.97,1.282,2.633,1.236,0.958,1.335,1.065,1.387,2.508,0.398,0.801,0.398,0.756
0,1.909,1.153,1.135,1.018,1.808,1.143,0.73,1.1,0.458,0.447,1.45,0.64,0.511,0.5,1.333,0.678,1.221,0.956,1.683,0.981,1.153,2.469,1.202,0.908,1.433,1.134,1.282,2.85,0.265,0.808,0.292,0.928
0,1.938,1.082,1.125,1.146,1.92,1.088,0.639,1.28,0.549,0.56,1.443,0.606,0.534,0.5,1.393,0.549,1.088,0.91,1.634,1.148,1.062,2.482,1.202,0.976,1.229,0.99,1.107,2.673,0.451,0.756,0.265,0.66
1,1.859,0.969,1.133,1.164,1.869,1.245,0.726,1.389,0.485,0.549,1.519,0.64,0.678,0.421,1.276,0.613,1.115,0.925,1.592,0.997,1.141,2.466,1.095,0.962,1.335,0.99,1.009,2.537,0.372,0.794,0.406,0.66
1,1.881,1.006,1.044,1.226,1.867,1.099,0.726,1.259,0.485,0.549,1.337,0.693,0.538,0.398,1.276,0.693,1.035,1.023,1.554,1.061,1.259,2.526,1.095,0.942,1.259,1.073,1.103,2.475,0.425,0.774,0.273,0.526
1,1.884,1.153,1.146,1.15,1.9,1.113,0.75,1.227,0.5,0.625,1.269,0.474,0.576,0.462,1.337,0.591,1.176,0.99,1.573,0.977,1.1,2.518,1.126,0.866,1.304,1.16,1.123,2.634,0.239,0.887,0.239,0.723
1,2.013,1.179,1.119,1.21,1.811,1.106,0.606,1.156,0.511,0.625,1.397,0.56,0.5,0.345,1.386,0.587,1.213,0.876,1.372,1.095,1.126,2.673,1.042,0.875,1.415,0.982,1.195,2.677,0.406,0.841,0.212,0.682
0,1.815,1.253,1.16,1.282,1.764,0.979,0.659,1.306,0.436,0.613,1.36,0.704,0.511,0.606,1.511,0.496,1.301,1.043,1.539,0.97,1.111,2.549,1.115,0.919,1.32,0.956,1.123,2.672,0.345,0.797,0.292,0.689
1,2.008,1.136,1.1,1.114,1.849,1.125,0.768,1.355,0.405,0.549,1.265,0.704,0.565,0.516,1.364,0.576,1.248,0.929,1.44,0.717,1.232,2.665,1.335,0.799,1.323,0.952,1.167,2.62,0.319,0.917,0.353,0.656
0,1.921,1.062,1.224,1.191,1.777,1.244,0.62,1.302,0.383,0.613,1.402,0.602,0.576,0.425,1.371,0.667,1.115,0.989,1.52,0.977,1.289,2.586,1.141,1.071,1.505,1.209,1.239,2.94,0.451,0.932,0.273,0.821
0,2.044,1.1,1.224,1.15,1.878,1.019,0.639,1.325,0.496,0.587,1.579,0.56,0.56,0.5,1.355,0.715,1.195,1.043,1.758,1.083,1.267,2.616,1.213,1.023,1.388,1.251,0.967,2.671,0.512,0.857,0.265,0.615
1,1.821,1.047,1.205,0.956,1.757,1.034,0.699,1.276,0.511,0.523,1.326,0.693,0.511,0.618,1.499,0.704,1.282,0.99,1.769,1.095,1.259,2.64,1.176,0.844,1.399,1.081,1.073,2.538,0.425,0.834,0.379,0.562
1,1.916,1.058,1.119,1.11,1.895,1.005,0.846,1.206,0.5,0.56,1.382,0.769,0.511,0.549,1.513,0.5,1.232,0.982,1.425,0.996,1.229,2.521,1.062,1.105,1.229,1.001,1.285,2.73,0.531,0.901,0.292,0.823
0,1.864,1.1,1.115,1.244,1.857,1.196,0.819,1.284,0.542,0.625,1.488,0.72,0.587,0.398,1.511,0.485,1.115,0.823,1.6,1.08,1.088,2.374,1.202,0.972,1.437,1.183,1.22,2.785,0.345,0.797,0.292,0.76
0,1.902,1.066,1.15,1.238,1.954,1.136,0.733,1.298,0.591,0.651,1.53,0.618,0.587,0.436,1.344,0.655,1.123,0.989,1.672,0.936,0.967,2.516,1.255,0.852,1.274,1.047,0.967,2.631,0.379,0.756,0.451,0.682
0,1.65,0.973,1.191,1.157,1.888,1.205,0.704,1.367,0.576,0.534,1.473,0.731,0.64,0.478,1.404,0.549,1.115,0.982,1.6,1.113,1.221,2.514,0.956,0.871,1.316,1.149,0.804,2.807,0.345,0.834,0.319,0.79
0,1.782,1.062,0.999,1.168,1.796,1.157,0.659,1.1,0.511,0.485,1.439,0.576,0.511,0.436,1.446,0.485,1.179,1.023,1.513,0.91,1.183,2.436,1.266,0.897,1.282,1.092,1.095,2.98,0.265,0.763,0.273,0.943
0,1.782,1.231,1.231,1.128,1.882,1.252,0.768,1.284,0.458,0.523,1.499,0.72,0.64,0.425,1.235,0.693,1.043,0.849,1.512,1.125,1.149,2.488,0.989,0.731,1.282,1.047,1.148,2.645,0.319,0.834,0.239,0.723
0,1.675,1.151,1.164,1.097,1.828,1.079,0.826,1.329,0.485,0.538,1.552,0.667,0.753,0.489,1.446,0.678,1.206,0.989,1.619,1.049,1.073,2.473,1.229,0.954,1.187,0.97,1.361,2.83,0.212,0.737,0.319,0.794
1,2.037,1.126,1.111,1.132,1.872,1.233,0.872,1.311,0.474,0.587,1.435,0.682,0.511,0.447,1.413,0.613,1.274,0.91,1.634,1.042,1.24,2.613,1.148,0.962,1.229,0.956,1.069,2.44,0.425,0.834,0.345,0.529
1,1.839,1.1,1.086,1.173,1.907,1.266,0.783,1.251,0.527,0.56,1.402,0.678,0.523,0.345,1.529,0.662,1.047,0.875,1.66,1.05,1.187,2.423,1.107,0.946,1.425,1.035,1.209,2.755,0.398,0.83,0.353,0.783
1,2.057,1.033,1.146,1.164,1.928,1.208,0.759,1.16,0.527,0.523,1.499,0.613,0.549,0.451,1.298,0.576,1.168,0.936,1.653,1.076,1.016,2.376,1.053,0.856,1.32,1.02,1.225,2.758,0.398,0.703,0.372,0.756
0,1.775,1.078,1.117,1.198,1.815,1.012,0.779,1.344,0.462,0.625,1.504,0.651,0.602,0.425,1.42,0.565,1.149,0.963,1.732,0.97,1.293,2.537,1.042,0.856,1.396,0.986,1.047,2.682,0.372,0.804,0.239,0.801
1,1.84,1.209,1.205,1.157,1.849,1.034,0.8,1.318,0.458,0.5,1.284,0.693,0.56,0.451,1.091,0.651,1.179,0.724,1.505,1.11,1.179,2.677,1.236,0.875,1.343,1.069,0.876,2.768,0.239,0.887,0.273,0.857
1,1.877,1.033,1.059,1.113,1.808,1.114,0.719,1.15,0.527,0.662,1.552,0.678,0.538,0.398,1.386,0.704,1.259,0.903,1.558,1.007,1.263,2.551,1.422,1.003,1.365,1.164,1.186,2.719,0.425,0.977,0.239,0.823
0,1.776,1.115,1.213,1.043,1.986,1.079,0.666,1.191,0.462,0.598,1.299,0.704,0.549,0.409,1.216,0.613,1.168,0.967,1.528,0.997,1.202,2.688,1.168,0.946,1.282,1.054,1.176,2.601,0.398,0.899,0.319,0.731
0,1.764,1.158,1.115,1.146,1.888,1.079,0.786,1.385,0.421,0.598,1.552,0.678,0.791,0.516,1.322,0.678,1.141,1.043,1.399,0.784,1.069,2.443,1.148,0.863,1.343,1.069,1.228,2.851,0.319,0.79,0.265,0.857
1,1.717,1.1,1.104,1.286,1.858,1.039,0.752,1.224,0.5,0.587,1.402,0.731,0.507,0.372,1.411,0.587,1.267,1.035,1.744,1.076,1.191,2.486,0.956,0.981,1.293,1.016,1.213,2.924,0.292,0.707,0.3,0.899
1,1.844,1.011,1.04,1.202,1.867,0.959,0.783,1.385,0.553,0.474,1.36,0.704,0.394,0.372,1.189,0.667,1.035,0.876,1.63,1.144,1.289,2.462,1.368,0.942,1.202,1.095,1.16,2.891,0.432,0.763,0.212,0.794
1,1.866,1.164,1.153,1.11,1.827,1.124,0.759,1.178,0.485,0.613,1.439,0.667,0.523,0.462,1.178,0.496,1.24,0.724,1.489,0.974,1.24,2.614,1.043,0.951,1.274,0.993,1.107,2.89,0.319,0.827,0.273,0.827
0,1.951,1.053,1.22,1.099,1.758,1.203,0.819,1.171,0.587,0.549,1.386,0.618,0.576,0.485,1.295,0.704,1.282,0.989,1.399,1.11,1.168,2.493,1.282,0.886,1.157,1.153,1.16,2.668,0.319,0.767,0.3,0.723
1,1.808,1.091,1.198,0.828,1.851,1.203,0.73,1.348,0.474,0.613,1.273,0.591,0.56,0.489,1.484,0.678,1.062,0.803,1.475,1.129,1.153,2.416,1.095,0.928,1.482,0.978,1.02,2.612,0.345,0.797,0.379,0.727
0,1.691,0.995,1.073,1.184,1.871,1.139,0.624,1.322,0.538,0.432,1.397,0.704,0.534,0.425,1.238,0.613,1.016,0.743,1.531,1.008,1.255,2.58,1.122,0.955,1.346,1.043,1.016,2.786,0.265,0.767,0.319,0.7
1,1.847,1.04,1.186,1.093,1.759,1.188,0.699,1.066,0.458,0.485,1.409,0.769,0.613,0.436,1.306,0.678,1.1,1.008,1.584,1.057,1.202,2.613,1.228,0.768,1.445,1.035,1.232,2.718,0.353,0.797,0.292,0.727
1,1.735,1.163,1.16,1.175,1.922,1.053,0.723,1.295,0.511,0.485,1.28,0.678,0.458,0.447,1.167,0.511,1.1,0.917,1.683,1.016,1.206,2.526,1.122,0.942,1.41,1.031,0.936,2.654,0.265,0.834,0.406,0.656
0,1.99,1.033,1.224,1.155,1.74,1.181,0.843,1.39,0.553,0.534,1.28,0.72,0.587,0.383,1.367,0.534,1.168,0.77,1.535,0.963,1.301,2.574,1.062,0.875,1.289,1.02,1.183,2.773,0.372,0.868,0.265,0.827
1,1.807,1.04,1.131,1.177,1.939,1.161,0.738,1.224,0.367,0.507,1.552,0.678,0.485,0.458,1.355,0.704,1.248,0.937,1.619,1.083,1.308,2.686,1.255,0.988,1.369,0.849,1.043,2.478,0.3,0.827,0.345,0.555
1,1.816,1.006,1.173,1.125,1.967,1.11,0.666,1.385,0.451,0.523,1.466,0.757,0.485,0.345,1.291,0.704,1.179,0.989,1.519,1.016,1.141,2.582,1.239,1.039,1.308,1.009,1.008,2.606,0.379,0.857,0.326,0.615
1,1.997,1.153,1.066,1.164,1.97,1.139,0.71,1.233,0.511,0.587,1.681,0.591,0.523,0.5,1.287,0.667,1.1,1.016,1.52,0.849,1.062,2.465,1.13,1.025,1.346,0.963,0.929,2.408,0.398,0.834,0.345,0.603
0,1.832,0.913,1.093,1.23,1.789,1.043,0.812,1.298,0.432,0.511,1.424,0.602,0.651,0.451,1.147,0.613,1.206,0.849,1.732,1.061,1.255,2.594,1.156,0.821,1.327,1.035,1.05,2.792,0.345,0.808,0.212,0.79
1,1.875,1.202,1.149,0.992,1.748,1.184,0.723,1.298,0.538,0.523,1.413,0.731,0.496,0.436,1.322,0.587,1.176,0.936,1.395,1.152,1.273,2.568,1.176,0.815,1.468,1.047,1.213,2.656,0.345,0.801,0.292,0.763
1,1.624,1.013,1.224,1.177,1.826,1.061,0.73,1.344,0.591,0.421,1.59,0.613,0.576,0.462,1.469,0.704,1.388,1.027,1.535,0.977,1.354,2.677,1.115,0.898,1.354,1.042,1.175,2.917,0.292,0.834,0.239,0.79
0,1.804,1.164,1.058,1.032,1.94,1.099,0.685,1.309,0.447,0.485,1.307,0.523,0.576,0.516,1.276,0.534,1.206,1.031,1.459,1.03,1.213,2.613,1.168,0.954,1.316,1.118,1.206,2.724,0.345,0.797,0.406,0.858
0,1.879,0.98,0.934,1.177,1.988,1.069,0.757,1.365,0.565,0.511,1.307,0.651,0.511,0.451,1.242,0.549,1.123,0.69,1.535,1.129,1.009,2.553,1.122,0.821,1.195,1.009,1.134,2.757,0.398,0.79,0.265,0.887
1,1.819,1.065,1.174,1.213,1.68,1.012,0.793,1.385,0.5,0.447,1.386,0.549,0.625,0.602,1.371,0.56,1.172,0.838,1.41,1.049,1.111,2.467,1.168,0.928,1.369,0.914,1.081,2.655,0.265,0.707,0.326,0.627
0,1.991,1.078,1.14,1.17,1.862,1.266,0.747,1.355,0.511,0.485,1.488,0.613,0.523,0.425,1.238,0.689,1.232,0.944,1.551,0.914,1.096,2.587,1.171,0.855,1.32,1.099,1.248,2.774,0.432,0.763,0.292,0.67
0,1.853,1.133,1.119,1.155,1.925,1.117,0.737,1.251,0.511,0.474,1.413,0.742,0.587,0.447,1.26,0.689,1.229,0.796,1.512,1.121,1.149,2.586,1.148,1.018,1.301,1.16,1.187,2.441,0.265,0.834,0.326,0.636
1,1.812,1.149,1.15,1.21,1.772,1.255,0.757,1.409,0.451,0.613,1.348,0.629,0.587,0.383,1.571,0.704,1.206,0.963,1.596,0.981,1.255,2.553,1.38,0.908,1.517,1.111,1.228,2.765,0.345,0.801,0.36,0.827
0,1.903,0.994,1.15,1.069,1.95,1.016,0.793,1.262,0.436,0.56,1.367,0.64,0.625,0.425,1.125,0.715,1.13,0.856,1.558,1.106,1.293,2.621,1.229,0.761,1.296,1.092,1.115,2.621,0.319,0.808,0.326,0.79
0,1.961,1.231,1.171,1.237,1.94,1.177,0.719,1.186,0.451,0.496,1.344,0.693,0.576,0.432,1.125,0.64,1.115,0.743,1.323,1.069,1.016,2.606,1.009,1.105,1.441,0.861,1.187,2.666,0.451,0.801,0.326,0.622
1,1.867,1.101,1.126,1.219,1.861,1.11,0.779,1.313,0.504,0.523,1.564,0.757,0.651,0.416,1.434,0.667,1.149,0.94,1.447,0.97,1.176,2.727,1.285,0.715,1.373,0.967,1.213,2.909,0.478,0.861,0.345,0.854
1,1.898,1.006,1.012,1.311,1.841,1.206,0.572,1.282,0.458,0.534,1.564,0.64,0.576,0.496,1.269,0.613,1.1,0.796,1.622,1.008,1.248,2.673,1.156,0.951,1.365,0.849,0.849,2.645,0.372,0.894,0.273,0.734
0,1.882,1.115,1.171,1.119,1.9,1.174,0.793,1.273,0.489,0.523,1.568,0.629,0.576,0.421,1.347,0.64,1.195,0.864,1.619,1.129,1.195,2.665,1.122,0.806,1.243,0.982,1.027,2.618,0.485,0.837,0.353,0.56
1,1.915,1.069,1.221,1.173,1.809,1.277,0.708,1.329,0.58,0.496,1.466,0.549,0.587,0.372,1.223,0.678,1.221,0.803,1.602,1.049,1.229,2.481,1.209,0.877,1.44,1.047,1.129,2.474,0.432,0.774,0.379,0.582
1,2.044,1.066,1.115,1.079,1.887,1.177,0.657,1.375,0.47,0.447,1.455,0.678,0.523,0.405,1.484,0.655,1.062,0.91,1.672,1.107,1.308,2.533,1.141,0.868,1.335,1.009,1.016,2.541,0.485,0.861,0.406,0.596
1,1.764,1.093,1.075,1.019,1.735,1.11,0.733,1.318,0.489,0.587,1.326,0.704,0.485,0.485,1.45,0.5,1.069,0.917,1.619,0.929,1.301,2.414,1.183,0.81,1.115,1.069,0.876,2.678,0.398,0.707,0.186,0.596
1,1.888,1.002,1.086,1.21,1.951,1.139,0.8,1.27,0.489,0.625,1.424,0.655,0.576,0.474,1.216,0.693,0.993,0.823,1.569,1.107,1.213,2.662,1.202,0.912,1.293,0.993,0.914,2.583,0.372,0.841,0.353,0.622
1,1.923,1.115,1.053,1.295,1.909,1.139,0.804,1.2,0.458,0.598,1.397,0.678,0.56,0.516,1.386,0.576,1.062,0.808,1.565,1.088,1.054,2.443,1.062,0.981,1.282,1.081,1.19,2.89,0.425,0.763,0.3,0.774
1,1.917,0.939,1.142,1.15,1.74,1.046,0.68,1.404,0.511,0.587,1.504,0.689,0.704,0.421,1.253,0.549,1.255,1.043,1.466,0.944,1.255,2.474,0.963,0.901,1.21,0.956,1.24,2.38,0.345,0.767,0.212,0.495
0,1.747,1.024,1.071,1.166,1.751,1.119,0.745,1.325,0.489,0.447,1.402,0.704,0.576,0.292,1.355,0.602,1.073,0.989,1.607,1.069,0.982,2.579,1.209,0.735,1.293,1.016,1.031,2.566,0.319,0.808,0.265,0.734
0,1.715,0.999,1.097,1.192,1.722,1.114,0.826,1.34,0.474,0.625,1.515,0.618,0.421,0.398,1.597,0.667,1.179,0.997,1.456,0.993,1.282,2.609,1.274,0.875,1.304,0.982,1.3,2.789,0.319,0.83,0.265,0.76
0,1.853,1.02,1.198,1.054,1.682,1.101,0.685,1.291,0.538,0.538,1.333,0.549,0.523,0.478,1.393,0.538,1.081,0.982,1.463,1.05,1.088,2.597,1.236,0.844,1.357,0.963,1.236,2.619,0.372,0.868,0.212,0.727
0,1.711,1.059,1.153,1.196,1.827,1.184,0.685,1.258,0.485,0.549,1.446,0.549,0.549,0.425,1.548,0.651,1.16,0.876,1.691,1.102,1.179,2.549,1.168,0.924,1.452,1.096,1.213,2.579,0.326,0.763,0.273,0.596
1,2.095,0.96,1.089,1.125,1.752,1.217,0.73,1.209,0.474,0.678,1.36,0.682,0.485,0.372,1.424,0.534,1.149,0.856,1.561,0.997,1.096,2.594,1.239,1.045,1.195,0.94,1.073,2.492,0.398,0.861,0.3,0.562
0,1.892,1.1,1.094,1.043,1.789,1.215,0.733,1.227,0.527,0.613,1.515,0.742,0.613,0.523,1.393,0.655,1.206,0.91,1.584,0.989,1.126,2.738,1.062,0.908,1.293,0.993,1.266,2.561,0.398,0.834,0.3,0.756
0,1.624,1.115,1.166,1.136,1.638,1.108,0.659,1.251,0.538,0.587,1.364,0.704,0.625,0.542,1.2,0.565,1.176,0.83,1.368,0.929,1.24,2.723,1.062,0.768,1.38,1.092,1.149,2.796,0.239,0.801,0.186,0.821
0,1.738,1.073,1.206,1.032,1.832,1.065,0.752,1.3,0.511,0.485,1.386,0.64,0.651,0.462,1.502,0.662,1.168,0.796,1.611,0.951,1.088,2.455,1.248,0.802,1.315,0.982,1.182,2.627,0.432,0.73,0.425,0.689
0,1.912,1.119,1.026,1.125,1.77,1.286,0.733,1.287,0.367,0.651,1.348,0.47,0.715,0.451,1.495,0.629,1.221,0.849,1.733,0.989,1.115,2.601,1.308,1.004,1.479,1.137,1.195,2.694,0.478,0.868,0.3,0.76
1,1.819,1.157,1.205,1.146,1.973,1.215,0.704,1.291,0.5,0.549,1.337,0.678,0.667,0.425,1.462,0.591,1.259,0.982,1.694,0.97,1.308,2.495,1.183,0.791,1.316,0.963,1.115,2.779,0.265,0.868,0.334,0.689
1,1.688,1.3,1.251,1.217,1.762,1.09,0.764,1.344,0.416,0.527,1.397,0.651,0.576,0.425,1.469,0.576,1.195,1.023,1.383,0.997,1.16,2.508,0.982,0.988,1.308,0.857,1.395,2.832,0.319,0.763,0.212,0.7
0,1.703,1.097,1.133,1.203,1.845,1.275,0.666,1.238,0.523,0.447,1.307,0.667,0.587,0.474,1.362,0.689,1.062,0.796,1.797,1.049,1.047,2.583,1.115,0.916,1.464,0.948,1.202,2.578,0.372,0.797,0.3,0.656
0,1.851,1.171,1.205,1.228,1.967,1.277,0.73,1.16,0.447,0.485,1.307,0.667,0.485,0.474,1.171,0.64,1.221,0.724,1.536,0.969,1.179,2.615,1.122,1.003,1.437,0.99,1.043,2.897,0.406,0.723,0.326,0.868
1,1.884,1.126,1.184,1.244,1.824,1.119,0.793,1.291,0.496,0.436,1.413,0.742,0.689,0.292,1.457,0.629,1.115,0.903,1.581,1.163,1.206,2.436,1.095,0.912,1.255,1.062,1.028,2.859,0.406,0.763,0.326,0.894
1,1.877,1.073,1.114,1.184,1.966,1.107,0.632,1.145,0.5,0.538,1.393,0.576,0.576,0.451,1.2,0.64,1.069,1.02,1.372,0.947,1.248,2.586,1.361,1.048,1.335,0.887,1.246,2.512,0.398,0.834,0.345,0.555
1,1.846,1.071,1.119,0.956,1.926,1.093,0.666,1.311,0.565,0.56,1.492,0.565,0.56,0.372,1.121,0.534,1.016,0.803,1.516,1.13,1.259,2.504,1.209,0.928,1.308,0.978,1.262,2.6,0.319,0.767,0.425,0.76
1,1.933,1.073,1.055,1.217,1.835,1.113,0.639,1.421,0.462,0.587,1.311,0.742,0.651,0.516,1.276,0.613,1.221,0.75,1.528,1,1.248,2.577,1.262,0.897,1.32,0.94,1.027,2.744,0.398,0.924,0.319,0.787
1,1.71,1.026,1.013,1.047,1.853,1.155,0.726,1.198,0.356,0.485,1.446,0.667,0.538,0.557,1.469,0.553,0.982,1.009,1.755,1.133,1.335,2.429,1.209,1.034,1.289,0.94,1.247,2.816,0.345,0.73,0.319,0.76
1,1.775,0.988,0.969,1.184,1.955,1.192,0.697,1.167,0.5,0.47,1.402,0.757,0.511,0.345,1.431,0.602,1.123,1.043,1.667,1.148,1.115,2.541,1.195,1.014,1.395,1.217,1.251,2.634,0.292,0.887,0.353,0.723
0,1.87,1.111,1.153,1.106,1.833,1.113,0.74,1.251,0.511,0.47,1.163,0.678,0.534,0.447,1.555,0.64,1.149,1.042,1.619,0.91,1.051,2.64,1.13,0.866,1.376,1.047,1.062,2.819,0.372,0.843,0.239,0.821
0,1.787,0.913,1.131,1.057,1.937,1.05,0.877,1.446,0.511,0.587,1.548,0.704,0.485,0.527,1.36,0.715,1.267,0.944,1.577,1.06,1.141,2.485,1.141,0.768,1.289,1.096,1.009,2.714,0.398,0.767,0.319,0.689
0,1.955,1.178,1.094,1.259,1.811,1.17,0.826,1.273,0.516,0.576,1.462,0.667,0.587,0.451,1.325,0.591,1.229,0.837,1.425,0.944,1.062,2.376,1.035,1.03,1.353,1.031,1.016,2.594,0.398,0.73,0.265,0.629
1,1.88,1.142,1.3,1.171,1.842,1.106,0.699,1.371,0.425,0.511,1.59,0.64,0.565,0.432,1.26,0.689,1.176,1.096,1.611,1.057,1.24,2.5,1.069,0.932,1.289,0.99,1.289,2.659,0.379,0.801,0.239,0.827
0,1.79,1.136,1.248,1.275,1.849,1.139,0.722,1.167,0.436,0.523,1.488,0.591,0.485,0.489,1.404,0.678,1.202,0.97,1.66,0.981,1.16,2.716,1.186,0.768,1.517,0.982,1.076,2.641,0.398,0.876,0.326,0.589
1,1.893,1.108,1.146,1.21,1.809,1.174,0.804,1.193,0.565,0.523,1.295,0.613,0.549,0.504,1.22,0.678,1.035,0.97,1.577,1.076,1.168,2.624,1.148,0.923,1.426,1.062,1.144,2.506,0.432,0.861,0.353,0.663
0,1.846,1.098,1.119,1.301,1.826,1.079,0.733,1.205,0.485,0.662,1.375,0.538,0.523,0.447,1.706,0.629,1.267,0.982,1.572,1.114,1.123,2.758,1.126,1.007,1.213,1.164,1.202,2.769,0.372,0.827,0.292,0.79
1,1.703,1.091,1.167,1.266,1.864,1.076,0.706,1.336,0.565,0.518,1.45,0.549,0.64,0.485,1.283,0.511,1.176,1.023,1.615,1.061,1.248,2.413,1.141,0.863,1.403,1.02,1.149,2.621,0.319,0.794,0.239,0.622
1,1.996,0.902,1.096,1.199,1.664,1.068,0.766,1.287,0.474,0.625,1.322,0.667,0.458,0.383,1.404,0.678,1.221,0.929,1.581,0.981,1.149,2.401,1.292,0.856,1.308,1.043,1.297,2.619,0.326,0.801,0.265,0.723
0,1.899,1.198,1.28,1.062,1.854,1.117,0.757,1.336,0.462,0.496,1.375,0.587,0.511,0.398,1.242,0.655,1.141,0.903,1.531,1.167,1.297,2.718,1.255,0.961,1.399,1.084,1.073,2.712,0.451,0.932,0.3,0.622
0,1.808,0.942,1.167,1.173,1.989,1.139,0.745,1.284,0.5,0.56,1.435,0.64,0.549,0.425,1.586,0.591,1.115,0.876,1.581,1.076,1.107,2.533,1.035,0.711,1.229,1.047,1.088,2.598,0.398,0.834,0.353,0.649
1,1.597,1.28,1.131,1.29,1.782,1.15,0.759,1.306,0.485,0.56,1.284,0.651,0.485,0.478,1.216,0.613,1.153,0.929,1.603,1.016,1.373,2.48,1.148,1.178,1.267,0.91,1.186,2.559,0.265,0.823,0.292,0.727
1,1.846,1.115,1.153,1.233,1.806,1.226,0.836,1.371,0.5,0.549,1.552,0.591,0.409,0.462,1.393,0.511,1.206,0.849,1.675,1.141,1.123,2.595,1.175,0.898,1.282,1.035,1.281,2.454,0.372,0.79,0.292,0.622
1,1.733,1.164,1.191,1.215,1.979,0.979,0.719,1.227,0.432,0.447,1.45,0.682,0.602,0.553,1.635,0.689,1.176,1.05,1.569,0.917,1.062,2.6,1.209,1.034,1.316,1.16,1.095,2.454,0.345,0.901,0.398,0.596
1,1.934,1.167,1.086,1.075,2.039,1.167,0.815,1.442,0.458,0.56,1.499,0.742,0.576,0.47,1.276,0.693,1.115,0.974,1.516,1.178,1.202,2.678,1.263,0.95,1.343,1.126,1.183,2.805,0.451,0.801,0.459,0.76
1,1.917,1.078,1.1,1.214,1.891,1.245,0.797,1.298,0.527,0.587,1.597,0.72,0.662,0.398,1.307,0.667,1.073,0.956,1.611,1.03,1.016,2.606,1.141,0.852,1.335,1.02,1.02,2.644,0.372,0.763,0.3,0.801
0,1.986,1.071,1.228,1.221,1.82,1.072,0.673,1.293,0.447,0.549,1.413,0.704,0.485,0.569,1.151,0.667,1.123,0.743,1.675,0.989,1.16,2.496,1.107,0.715,1.392,1.031,1.153,2.679,0.432,0.79,0.353,0.723
1,1.877,1.051,1.119,1.046,1.835,1.041,0.733,1.305,0.447,0.511,1.348,0.523,0.523,0.516,1.193,0.56,1.035,0.956,1.611,1.125,1.221,2.42,1.239,0.988,1.354,0.956,1.32,2.732,0.451,0.763,0.319,0.767
1,1.766,1.153,1.171,1.36,1.962,1.15,0.773,1.199,0.462,0.496,1.424,0.56,0.625,0.496,1.204,0.655,1.141,0.989,1.486,1.103,1.301,2.526,1.095,1.127,1.232,0.993,1.183,3.052,0.265,0.801,0.345,0.925
1,1.741,1.03,1.131,1.17,1.755,1.039,0.772,1.262,0.5,0.485,1.45,0.704,0.394,0.398,1.382,0.667,1.062,0.884,1.539,1.088,1.1,2.428,1.137,0.764,1.301,1.043,1.009,2.691,0.372,0.801,0.239,0.689
1,1.653,1.126,1.053,1.181,1.931,1.025,0.79,1.393,0.538,0.447,1.537,0.667,0.549,0.409,1.307,0.64,1.062,0.823,1.573,1.125,1.202,2.387,1.122,0.823,1.289,0.929,1.107,2.777,0.239,0.73,0.239,0.756
1,1.875,1.119,1.093,1.064,1.903,1.188,0.701,1.269,0.409,0.496,1.393,0.576,0.458,0.458,1.174,0.602,0.982,0.671,1.569,1.069,1.255,2.605,1.209,0.684,1.293,0.993,1.282,2.707,0.398,0.841,0.345,0.689
1,1.812,1.178,1.015,1.3,1.936,1.09,0.804,1.298,0.511,0.598,1.594,0.769,0.523,0.436,1.287,0.682,1.141,0.831,1.565,0.981,1.229,2.543,1.334,0.868,1.415,1.1,1.229,2.489,0.319,0.901,0.353,0.567
0,1.764,1.059,1.053,1.221,1.676,1.146,0.639,1.24,0.436,0.534,1.462,0.629,0.598,0.489,1.182,0.613,1.195,0.887,1.683,1.019,1.176,2.51,1.156,0.87,1.331,1.122,1.262,2.752,0.292,0.864,0.273,0.727
1,1.926,1.071,1.1,1.17,1.74,1.106,0.74,1.325,0.458,0.496,1.337,0.731,0.549,0.436,1.386,0.587,1.179,0.876,1.576,1.118,1.229,2.76,1.042,0.886,1.24,1.047,0.982,2.735,0.425,0.981,0.265,0.892
1,1.917,1.104,1.131,1.164,1.82,1.251,0.85,1.295,0.538,0.5,1.409,0.704,0.587,0.421,1.544,0.78,1.24,0.883,1.528,1.023,1.221,2.613,1.175,0.935,1.487,1.096,1.292,2.916,0.372,0.834,0.406,0.865
0,2.039,1.182,1.066,1.15,1.756,1.179,0.772,1.368,0.458,0.485,1.428,0.64,0.511,0.425,1.284,0.667,1.221,0.903,1.505,0.883,1.176,2.767,1.13,0.821,1.346,1.141,0.903,2.678,0.485,0.901,0.273,0.649
1,1.9,1.16,1.097,1.124,1.811,1.088,0.757,1.39,0.458,0.458,1.492,0.496,0.458,0.504,1.125,0.704,1.267,0.823,1.542,1.053,1.202,2.507,1.209,0.731,1.327,1.009,1.273,2.526,0.432,0.887,0.345,0.633
1,1.856,1.058,1.104,1.241,1.847,1.014,0.758,1.288,0.511,0.356,1.295,0.667,0.549,0.462,1.7,0.549,1.115,0.796,1.565,1.023,1.149,2.571,1.069,0.806,1.417,0.99,1.16,2.64,0.353,0.834,0.273,0.589
0,1.842,1.16,1.019,1.082,1.989,1.199,0.78,1.429,0.58,0.496,1.579,0.704,0.56,0.436,1.464,0.549,1.1,0.944,1.524,1.069,1.179,2.621,1.183,0.881,1.335,0.982,1.114,2.739,0.292,0.808,0.353,0.827
0,1.808,1.078,1.078,0.963,1.813,1.113,0.786,1.302,0.421,0.485,1.515,0.613,0.523,0.538,1.325,0.704,1.153,0.777,1.558,0.97,1.179,2.469,1.062,0.844,1.407,1.062,1.107,2.774,0.372,0.797,0.353,0.787
1,1.99,1.133,1.066,1.108,1.878,1.226,0.73,1.231,0.527,0.447,1.386,0.742,0.576,0.474,1.48,0.576,1.323,1.009,1.584,0.963,1.081,2.53,1.141,0.972,1.384,1.081,1.073,2.64,0.398,0.823,0.239,0.573
0,1.839,1.111,1.153,1.136,1.837,1.237,0.764,1.227,0.516,0.511,1.375,0.742,0.587,0.511,1.488,0.538,1.195,1.016,1.478,1.004,1.206,2.526,1.042,1.003,1.183,1.111,1.274,2.853,0.345,0.801,0.319,0.827
0,1.803,1.202,1.119,1.277,1.891,1.136,0.737,1.318,0.538,0.511,1.601,0.682,0.625,0.527,1.653,0.667,1.149,0.956,1.592,1.03,1.168,2.449,1.274,0.803,1.415,1.13,0.99,2.794,0.326,0.804,0.353,0.689
1,1.862,1.187,1.153,0.974,1.744,1.174,0.786,1.371,0.511,0.523,1.409,0.682,0.587,0.394,1.189,0.576,1.179,0.936,1.565,1.03,1.19,2.469,1.175,1.018,1.388,1.001,1.069,2.594,0.406,0.801,0.319,0.596
1,1.669,1.133,1.126,1.106,1.83,1.11,0.719,1.224,0.565,0.511,1.537,0.704,0.538,0.527,1.597,0.613,1.088,0.956,1.528,1.167,1.179,2.672,1.202,0.722,1.308,0.967,1.009,2.605,0.239,0.935,0.3,0.656
1,1.737,1.085,1.124,1.177,1.886,1.203,0.754,1.253,0.565,0.458,1.397,0.678,0.576,0.436,1.378,0.667,1.176,0.929,1.622,1.016,1.088,2.556,1.069,0.868,1.316,0.967,1.035,2.512,0.319,0.797,0.239,0.567
0,1.839,1.107,1.233,1.164,1.808,1.121,0.764,1.347,0.432,0.602,1.413,0.742,0.678,0.398,1.386,0.625,1.149,0.796,1.482,0.982,1.229,2.646,1.183,0.636,1.396,1.054,1.22,2.686,0.372,0.883,0.292,0.827
0,2.039,1.051,1.096,1.27,1.873,1.21,0.632,1.3,0.527,0.587,1.462,0.651,0.485,0.383,1.336,0.613,1.259,0.956,1.584,0.924,1.195,2.6,1.209,0.868,1.255,1.1,1.285,2.807,0.398,0.901,0.353,0.821
1,1.846,1.078,1.193,1.199,1.784,1.173,0.877,1.253,0.489,0.523,1.59,0.636,0.598,0.549,1.446,0.549,1.153,0.883,1.531,1.016,1.221,2.485,1.122,0.946,1.343,0.982,1.148,2.656,0.345,0.774,0.22,0.798
0,1.847,1.14,1.145,1.05,1.946,1.181,0.757,1.171,0.447,0.458,1.348,0.613,0.485,0.409,1.128,0.64,1.297,1.027,1.66,1.11,1.255,2.423,1.042,0.924,1.376,1.137,1.115,2.729,0.398,0.857,0.239,0.723
0,1.828,0.935,1.126,1.106,1.812,1.143,0.719,1.227,0.489,0.523,1.371,0.496,0.496,0.511,1.204,0.602,1.176,0.963,1.531,1.009,1.168,2.519,1.334,0.768,1.414,0.982,1.232,2.795,0.372,0.73,0.319,0.827
1,1.948,1.126,1.047,1.117,1.955,1.086,0.779,1.397,0.421,0.496,1.424,0.667,0.689,0.474,1.469,0.591,1.096,0.963,1.611,0.929,1.176,2.58,1.186,0.866,1.308,1.081,1.247,2.664,0.398,0.794,0.379,0.76
0,1.959,1.078,1.228,0.962,1.811,1.188,0.884,1.348,0.511,0.474,1.364,0.538,0.496,0.383,1.253,0.625,1.141,0.997,1.634,0.981,1.32,2.609,1.289,0.821,1.149,1.1,1.043,2.497,0.398,0.797,0.265,0.522
1,1.926,1.066,1.131,1.28,2.168,1.11,0.726,1.198,0.538,0.587,1.654,0.704,0.523,0.447,1.313,0.538,1.035,1.03,1.516,1.174,1.062,2.602,1.175,0.897,1.293,0.823,0.91,2.479,0.379,0.854,0.292,0.663
0,1.801,1.111,1.191,1.15,1.76,1.173,0.646,1.284,0.511,0.511,1.413,0.587,0.587,0.372,1.548,0.613,0.956,0.929,1.452,0.989,1.009,2.586,1.202,0.711,1.429,1.043,1.14,2.479,0.398,0.834,0.273,0.488
0,1.854,1.115,1.126,1.177,1.992,1.128,0.775,1.181,0.511,0.56,1.541,0.625,0.662,0.398,1.333,0.682,1.176,0.91,1.281,1.19,1.229,2.401,1.213,0.837,1.35,0.903,1.168,2.751,0.398,0.834,0.3,0.756
1,1.984,1.091,1.153,1.101,1.793,1.113,0.666,1.302,0.489,0.496,1.435,0.731,0.485,0.394,1.348,0.629,1.16,0.883,1.645,1.034,1.168,2.441,1.262,1.041,1.343,0.956,1.243,2.623,0.451,0.76,0.265,0.727
1,2.011,0.992,1.107,1.195,1.953,1.113,0.812,1.167,0.485,0.651,1.526,0.667,0.572,0.504,1.313,0.576,1.115,0.69,1.289,1.069,1.153,2.534,1.035,1.125,1.388,1.13,1.141,2.81,0.406,0.801,0.432,0.649
1,1.684,1.1,1.157,1.237,2.029,1.199,0.839,1.378,0.511,0.447,1.45,0.715,0.576,0.447,1.238,0.704,1.195,0.891,1.494,1.318,1.282,2.494,1.069,0.764,1.346,1.134,1.13,2.856,0.345,0.76,0.353,0.767
1,1.802,1.133,1.119,0.829,1.819,0.926,0.733,1.34,0.565,0.587,1.322,0.64,0.576,0.356,1.174,0.64,1.126,1.03,1.573,1.035,1.195,2.473,1.122,0.731,1.315,1.084,1.293,2.62,0.265,0.801,0.265,0.682
1,1.812,1.055,1.066,1.046,1.785,1.157,0.759,1.258,0.478,0.576,1.511,0.742,0.549,0.478,1.28,0.651,1.126,1.13,1.486,1.065,1.213,2.403,0.958,1.018,1.236,0.956,0.982,2.601,0.292,0.943,0.3,0.629
0,1.879,1.245,1.178,1.093,1.796,1.173,0.812,1.24,0.5,0.598,1.552,0.731,0.78,0.432,1.453,0.667,1.176,0.887,1.637,0.963,1.1,2.525,1.183,0.848,1.282,0.884,0.876,2.64,0.319,0.921,0.273,0.79
1,1.866,1.164,1.153,1.11,1.827,1.124,0.759,1.178,0.485,0.613,1.439,0.667,0.523,0.462,1.178,0.496,1.24,0.724,1.489,0.974,1.24,2.614,1.043,0.951,1.274,0.993,1.107,2.89,0.319,0.827,0.273,0.827
0,2.017,0.995,0.909,1.199,1.967,1.107,0.697,1.318,0.527,0.549,1.53,0.742,0.549,0.531,1.298,0.591,1.187,0.943,1.531,0.993,1.255,2.598,1.095,0.738,1.21,1.047,1.073,2.793,0.565,0.801,0.326,0.772
0,1.991,1.167,1.186,1.15,1.847,1.185,0.879,1.167,0.405,0.587,1.45,0.576,0.485,0.504,1.464,0.651,1.232,1.114,1.558,0.963,1.047,2.623,1.202,0.669,1.308,1.062,1.168,2.645,0.406,0.913,0.326,0.794
1,1.846,1.051,1.253,1.057,1.949,1.046,0.857,1.358,0.489,0.5,1.488,0.64,0.447,0.47,1.265,0.534,1.02,1.023,1.452,0.977,1.282,2.531,1.148,0.928,1.16,0.94,1.19,2.651,0.372,0.756,0.406,0.596
0,1.782,1.093,1.093,1.263,1.949,1.266,0.726,1.213,0.398,0.523,1.242,0.689,0.538,0.523,1.393,0.689,1.009,0.956,1.406,1.016,1.088,2.385,1.315,0.78,1.202,1.043,1.167,2.691,0.345,0.834,0.406,0.7
1,1.963,1.073,1.135,1.209,1.744,1.043,0.77,1.195,0.511,0.598,1.519,0.534,0.576,0.383,1.087,0.806,1.195,0.963,1.607,1.03,1.494,2.482,1.236,1.127,1.448,1.088,1.069,2.75,0.372,0.76,0.319,0.79
1,1.752,1.004,1.146,1.244,1.79,1.103,0.659,1.347,0.447,0.511,1.643,0.662,0.625,0.489,1.506,0.678,1.176,0.91,1.652,1.141,1.248,2.402,1.115,1.23,1.524,0.993,1.061,2.538,0.319,0.73,0.372,0.589
1,1.836,1.1,1.033,1.179,1.812,1.117,0.819,1.174,0.576,0.625,1.386,0.678,0.474,0.372,1.224,0.72,1.1,1.028,1.406,1.043,1.069,2.367,1.148,0.848,1.361,1.187,1.047,2.418,0.398,0.763,0.319,0.533
0,1.877,1.029,0.999,1.177,1.661,1.136,0.684,1.258,0.538,0.678,1.439,0.662,0.549,0.398,1.242,0.591,1.123,1.035,1.592,1.117,1.267,2.479,1.148,0.943,1.445,1.19,1.084,2.698,0.398,0.901,0.247,0.723
1,1.775,1.055,1.16,1.124,1.817,1.277,0.706,1.273,0.511,0.485,1.435,0.591,0.587,0.458,1.511,0.613,1.096,0.91,1.649,1.095,1.274,2.56,1.069,1.004,1.293,1.073,1.246,2.641,0.372,0.887,0.345,0.794
0,1.979,1.058,1.266,1.215,1.796,1.139,0.704,1.337,0.511,0.458,1.291,0.678,0.587,0.436,1.548,0.667,1.179,1.062,1.637,0.963,1.054,2.545,1.095,0.89,1.282,1.035,1.114,2.672,0.406,0.801,0.239,0.734
0,1.819,1.059,1.217,1.154,1.861,1.119,0.673,1.217,0.5,0.56,1.386,0.693,0.598,0.436,1.28,0.629,1.153,1.08,1.475,1.004,1.062,2.561,1.145,0.905,1.335,0.974,1.099,2.629,0.319,0.73,0.292,0.562
1,1.784,1.085,1.153,1.125,1.833,1.083,0.712,1.227,0.462,0.549,1.397,0.602,0.534,0.462,1.287,0.769,1.229,1.054,1.591,1.076,1.035,2.462,1.088,0.863,1.221,0.937,1.285,2.693,0.345,0.763,0.239,0.861
1,1.688,0.967,1.16,0.945,1.76,1.259,0.692,1.227,0.462,0.485,1.344,0.693,0.56,0.462,1.265,0.704,1.221,0.849,1.584,0.943,1.327,2.798,1.195,0.83,1.353,0.956,1.368,2.707,0.345,0.959,0.326,0.656
1,1.824,1.206,0.988,1.195,1.869,1.136,0.632,1.217,0.485,0.549,1.269,0.667,0.602,0.451,1.32,0.549,1.267,0.69,1.425,1.03,1.308,2.613,1.183,0.897,1.24,0.948,1.229,2.747,0.319,0.861,0.326,0.783
1,1.933,1.002,1.217,1.203,1.933,1.132,0.726,1.371,0.489,0.565,1.499,0.64,0.549,0.516,1.358,0.803,1.009,1.016,1.637,1.042,1.133,2.514,1.168,0.901,1.33,1.088,1.053,2.651,0.406,0.83,0.406,0.596
0,1.794,1.085,1.083,1.248,1.969,1.266,0.726,1.304,0.516,0.523,1.473,0.678,0.523,0.345,1.344,0.693,1.221,0.75,1.709,1.102,1.115,2.458,1.103,0.821,1.263,1.111,1.308,2.552,0.345,0.812,0.353,0.596
0,1.797,1.04,1.093,1.004,1.804,1.173,0.73,1.34,0.496,0.47,1.295,0.523,0.549,0.474,1.431,0.636,1.176,0.849,1.558,0.981,1.176,2.567,1.122,0.867,1.335,1.084,1.304,2.736,0.319,0.868,0.265,0.749
1,1.783,1.224,1.138,1.248,1.807,1.092,0.77,1.133,0.425,0.598,1.579,0.655,0.587,0.531,1.34,0.667,1.179,0.903,1.494,0.989,1.096,2.659,1.229,0.87,1.335,1.005,0.91,2.57,0.372,0.763,0.273,0.7
1,1.86,1.151,1.1,1.11,1.782,1.117,0.832,1.272,0.451,0.527,1.466,0.527,0.598,0.5,1.42,0.689,1.285,0.91,1.558,1.246,1.141,2.482,1.315,0.972,1.399,0.929,1.081,2.689,0.265,0.73,0.345,0.865
1,1.779,1.178,1.078,1.244,1.756,1.083,0.687,1.325,0.565,0.458,1.375,0.72,0.576,0.372,1.258,0.602,1.141,0.903,1.653,1.049,0.982,2.374,1.062,0.972,1.3,1.016,0.982,2.808,0.372,0.834,0.326,0.723
1,1.79,0.991,1.126,1.215,1.749,1.178,0.673,1.291,0.462,0.549,1.333,0.678,0.56,0.458,1.178,0.678,1.232,0.796,1.547,1.083,1.27,2.574,1.016,0.909,1.255,0.887,1.292,2.721,0.398,0.868,0.379,0.723
1,1.691,1.166,1.288,1.076,1.926,1.279,0.797,1.28,0.5,0.511,1.409,0.667,0.613,0.447,1.253,0.667,1.115,0.777,1.584,1.027,1.107,2.636,1.228,0.953,1.267,1.153,1.058,2.823,0.292,0.797,0.379,0.723
0,1.741,0.98,1.175,1.131,1.719,1.057,0.764,1.28,0.538,0.662,1.53,0.72,0.572,0.489,1.26,0.565,1.195,0.83,1.445,1.068,1.179,2.522,1.1,0.901,1.315,1.054,1.05,2.788,0.292,0.797,0.292,0.827
0,2.008,1.136,1.1,1.114,1.849,1.125,0.768,1.355,0.405,0.549,1.265,0.704,0.565,0.516,1.364,0.576,1.248,0.929,1.44,0.717,1.232,2.665,1.335,0.799,1.323,0.952,1.167,2.62,0.319,0.917,0.353,0.656
0,1.861,1.078,1.184,1.065,1.906,1.001,0.692,1.302,0.489,0.56,1.466,0.64,0.625,0.451,1.548,0.447,1.292,1.088,1.486,0.916,1.407,2.486,1.095,0.875,1.248,1.009,1.277,2.698,0.372,0.696,0.345,0.779
1,1.71,1.235,1.198,1.019,1.861,0.959,0.726,1.364,0.511,0.549,1.364,0.602,0.549,0.489,1.227,0.629,1.202,0.929,1.591,0.989,1.1,2.576,1.027,0.837,1.168,0.849,1.096,2.563,0.345,0.737,0.326,0.731
1,1.766,1.153,1.171,1.36,1.962,1.15,0.773,1.199,0.462,0.496,1.424,0.56,0.625,0.496,1.204,0.655,1.141,0.989,1.486,1.103,1.301,2.526,1.095,1.127,1.232,0.993,1.183,3.052,0.265,0.801,0.345,0.925
1,1.921,0.946,1.173,1.192,1.631,1.111,0.744,1.322,0.553,0.458,1.337,0.678,0.534,0.319,1.253,0.655,1.168,1.009,1.796,1.14,1.232,2.574,1.202,0.81,1.202,1.111,1.115,2.592,0.345,0.83,0.292,0.529
1,1.91,1.115,1.209,1.259,1.824,1.142,0.692,1.322,0.443,0.56,1.564,0.644,0.523,0.394,1.258,0.64,1.069,1.088,1.569,1.087,1.255,2.647,1.141,0.969,1.388,1.1,1.259,2.61,0.345,0.834,0.372,0.767
1,1.854,1.151,1.171,1.143,2.048,1.009,0.659,1.107,0.606,0.47,1.446,0.613,0.587,0.394,1.397,0.602,1.232,0.917,1.682,1.053,1.274,2.556,1.301,0.883,1.449,0.849,1.096,2.699,0.398,0.83,0.292,0.663
1,1.99,1.133,1.066,1.108,1.878,1.226,0.73,1.231,0.527,0.447,1.386,0.742,0.576,0.474,1.48,0.576,1.323,1.009,1.584,0.963,1.081,2.53,1.141,0.972,1.384,1.081,1.073,2.64,0.398,0.823,0.239,0.573
1,1.952,0.986,1.135,1.006,1.928,1.069,0.692,1.325,0.511,0.56,1.541,0.587,0.458,0.383,1.295,0.64,1.069,0.697,1.531,0.997,1.016,2.436,1.213,0.882,1.255,1.042,1.149,2.446,0.319,0.707,0.319,0.629
1,2.079,1.024,1.086,1.223,1.773,1.195,0.663,1.319,0.451,0.47,1.269,0.704,0.662,0.5,1.371,0.704,1.115,1.043,1.387,1.016,1.088,2.524,1.016,1.037,1.365,1.043,1.206,2.924,0.398,0.73,0.212,0.861
1,1.926,1.126,1.157,1.221,1.876,1.215,0.708,1.344,0.542,0.56,1.594,0.576,0.523,0.462,1.355,0.602,1.088,0.982,1.353,1.023,0.982,2.562,1.292,0.803,1.35,0.952,1.244,2.409,0.372,0.696,0.3,0.567
0,1.981,1.022,1.131,1.034,2.087,1.181,0.719,1.238,0.485,0.651,1.53,0.629,0.598,0.425,1.265,0.667,1.123,1.054,1.672,1.028,1.259,2.469,0.982,1.06,1.512,1.035,1.088,2.705,0.478,0.797,0.379,0.756
0,1.755,0.946,1.073,1.064,1.936,1.129,0.817,1.311,0.478,0.549,1.617,0.629,0.636,0.372,1.242,0.769,1.115,0.91,1.527,1.058,1.195,2.376,1.016,0.761,1.403,1.043,1.224,2.612,0.292,0.756,0.3,0.727
0,1.895,0.935,1.16,1.173,1.895,1.117,0.692,1.258,0.5,0.356,1.435,0.704,0.565,0.569,1.371,0.629,1.009,0.99,1.592,1.007,1.115,2.545,1.042,0.875,1.32,0.956,1.05,2.717,0.425,0.834,0.353,0.696
0,1.944,1.04,1.066,1.136,1.784,1.121,0.797,1.284,0.409,0.572,1.53,0.693,0.56,0.319,1.311,0.629,1.361,0.804,1.562,1.087,1.202,2.522,1.126,0.886,1.444,1.028,1.062,2.468,0.292,0.797,0.212,0.663
1,1.979,1.087,1.2,1.237,1.788,1.192,0.738,1.277,0.474,0.674,1.284,0.769,0.587,0.436,1.522,0.602,1.202,1.009,1.634,0.903,1.141,2.748,1.115,0.764,1.255,1.073,1.206,2.754,0.372,0.89,0.22,0.763
0,2.009,1.073,1.186,1.106,1.703,1.156,0.804,1.348,0.485,0.613,1.409,0.591,0.598,0.489,1.253,0.598,1.255,1.043,1.577,1.05,1.346,2.507,1.175,0.781,1.361,1.069,1.009,2.918,0.512,0.861,0.3,0.734
1,2.009,1.115,1.164,1.184,1.819,1.139,0.797,1.184,0.511,0.523,1.364,0.731,0.625,0.531,1.393,0.795,1.259,0.808,1.717,0.808,1.02,2.504,1.213,0.961,1.406,1.031,1.035,2.554,0.459,0.767,0.265,0.529
1,1.669,1.024,1.113,1.053,1.695,1.208,0.786,1.291,0.485,0.549,1.413,0.678,0.651,0.398,1.386,0.602,1.274,0.796,1.52,1.129,1.179,2.45,1.202,0.704,1.41,1.126,1.043,2.541,0.265,0.827,0.345,0.629
0,1.782,1.037,1.16,1.113,1.874,1.279,0.764,1.332,0.489,0.5,1.435,0.704,0.56,0.542,1.333,0.715,1.259,0.937,1.387,0.97,1.123,2.447,1.115,0.946,1.301,1.168,1.088,2.693,0.319,0.881,0.212,0.622
1,1.812,1.044,1.198,1.072,1.872,1.053,0.775,1.284,0.527,0.56,1.428,0.602,0.523,0.523,1.431,0.753,1.088,1.028,1.614,1.072,1.168,2.763,1.104,0.806,1.267,1.016,1.005,2.534,0.345,0.928,0.292,0.562
1,2.051,1.111,1.173,1.086,1.782,1.203,0.794,1.133,0.527,0.511,1.537,0.667,0.704,0.425,1.386,0.693,1.32,0.864,1.641,1.194,1.202,2.522,1.183,0.821,1.415,0.993,1.228,2.681,0.432,0.823,0.379,0.656
1,1.868,1.089,1.073,1.301,1.902,1.156,0.738,1.255,0.485,0.511,1.541,0.742,0.613,0.436,1.253,0.523,1.1,0.796,1.399,1.118,1.312,2.556,1.308,1.003,1.426,1.251,1.122,2.693,0.372,0.857,0.319,0.823
1,1.873,1.072,1.202,1.277,1.853,1.286,0.68,1.322,0.569,0.47,1.253,0.511,0.689,0.372,1.265,0.629,1.202,0.697,1.736,0.951,1.062,2.495,1.123,0.764,1.475,1.073,1.096,2.75,0.406,0.868,0.265,0.865
1,2.046,1.164,1.27,1.019,1.909,1.048,0.91,1.353,0.485,0.598,1.269,0.496,0.598,0.409,1.469,0.549,1.232,0.777,1.682,0.901,1.195,2.568,1.255,0.912,1.289,0.876,1.176,2.634,0.432,0.834,0.265,0.723
0,1.722,1.119,1.16,1.101,1.784,1.039,0.69,1.34,0.485,0.538,1.36,0.769,0.613,0.622,1.34,0.704,1.062,0.936,1.71,0.876,1.176,2.613,1.095,0.757,1.373,0.914,1.02,2.474,0.345,0.861,0.265,0.562
0,1.764,1.066,1.131,1.177,1.86,1.012,0.726,1.325,0.436,0.572,1.466,0.527,0.576,0.462,1.307,0.693,1.088,0.876,1.399,1.28,1.213,2.514,1.221,0.946,1.407,0.967,1.195,2.686,0.432,0.868,0.292,0.79
0,2.081,1.142,1.249,1.282,1.876,1.076,0.726,1.246,0.511,0.458,1.515,0.704,0.485,0.531,1.393,0.693,1.221,0.956,1.501,0.917,1.415,2.507,1.009,1.132,1.282,1.016,1.16,2.747,0.406,0.808,0.326,0.749
1,1.824,0.988,1.206,1.21,1.833,1.173,0.663,1.353,0.5,0.549,1.439,0.655,0.598,0.425,1.174,0.613,1.274,0.75,1.489,1.095,1.073,2.334,1.069,0.761,1.388,1.058,1.229,2.882,0.406,0.723,0.212,0.899
0,1.915,0.995,1.224,1.224,1.807,1.177,0.704,1.351,0.504,0.485,1.462,0.682,0.485,0.341,1.511,0.629,1.229,0.856,1.512,0.951,1.069,2.45,1.281,1.056,1.289,1.001,1.228,2.638,0.459,0.823,0.273,0.689
1,1.801,1.033,1.184,1.089,1.808,1.184,0.759,1.28,0.5,0.576,1.182,0.682,0.727,0.478,1.397,0.602,1.168,1.016,1.528,1.129,1.096,2.44,1.308,0.923,1.346,1.073,1.114,2.705,0.425,0.794,0.292,0.756
0,1.812,1.1,1.213,1.117,1.925,1.099,0.738,1.341,0.462,0.511,1.466,0.693,0.549,0.425,1.559,0.613,1.069,0.903,1.599,1.016,1.274,2.607,1.02,0.829,1.229,0.982,1.062,2.709,0.319,0.821,0.379,0.821
0,1.889,1.059,1.114,1.181,1.702,1.286,0.846,1.402,0.409,0.523,1.371,0.667,0.5,0.345,1.378,0.598,1.232,0.804,1.584,1.107,1.232,2.507,1.176,1.018,1.418,1.035,1.213,2.63,0.432,0.834,0.212,0.76
0,1.896,1.138,1.118,1.012,1.791,1.166,0.752,1.258,0.425,0.496,1.322,0.625,0.549,0.489,1.413,0.538,1.123,0.982,1.637,1.072,1.153,2.314,1.042,0.678,1.308,1.016,1.221,2.902,0.398,0.763,0.319,0.794
1,1.843,1.135,1.146,1.124,2.079,1.135,0.8,1.396,0.432,0.742,1.383,0.704,0.549,0.383,1.318,0.527,1.153,0.993,1.573,0.958,1.259,2.534,1.176,1.101,1.384,1.035,0.967,2.759,0.451,0.801,0.345,0.76
1,1.835,1.156,1.119,1.135,1.936,1.057,0.637,1.277,0.553,0.587,1.439,0.667,0.636,0.47,1.265,0.64,1.176,0.963,1.459,1.035,1.281,2.409,1.186,0.802,1.206,1.02,1.081,2.627,0.372,0.73,0.379,0.663
